lambda_share,deadband,cap_up,cap_down,wmvi_fast_trigger,objective,feasible,mean_ratio_fixed,mean_ratio_fidic,max_ratio_fixed,min_improvement_fixed,mean_events,max_events,mean_event_ratio_vs_fidic,mean_comp_ratio_vs_fidic,mean_fidic_reduction_vs_fixed,mean_dam_reduction_vs_fixed,mean_benefit_capture_ratio,max_exposure,dom_fidic_count
0.6,0.01,0.5,0.02,inf,0.05744101141690711,1,0.18698971506736806,1.1686857191710505,0.1899677952688833,0.8100322047311167,2.3333333333333335,3,0.19017094017094016,0.9390243644531492,0.84,0.8130102849326319,0.9678693868245617,0.047059909171619785,0
0.6,0.01,0.5,0.02,1.25,0.05744101141690711,1,0.18698971506736806,1.1686857191710505,0.1899677952688833,0.8100322047311167,2.3333333333333335,3,0.19017094017094016,0.9390243644531492,0.84,0.8130102849326319,0.9678693868245617,0.047059909171619785,0
0.6,0.01,0.5,0.02,1.5,0.05744101141690711,1,0.18698971506736806,1.1686857191710505,0.1899677952688833,0.8100322047311167,2.3333333333333335,3,0.19017094017094016,0.9390243644531492,0.84,0.8130102849326319,0.9678693868245617,0.047059909171619785,0
0.6,0.01,0.5,0.05,inf,0.05744101141690711,1,0.18698971506736806,1.1686857191710505,0.1899677952688833,0.8100322047311167,2.3333333333333335,3,0.19017094017094016,0.9390243644531492,0.84,0.8130102849326319,0.9678693868245617,0.047059909171619785,0
0.6,0.01,0.5,0.05,1.25,0.05744101141690711,1,0.18698971506736806,1.1686857191710505,0.1899677952688833,0.8100322047311167,2.3333333333333335,3,0.19017094017094016,0.9390243644531492,0.84,0.8130102849326319,0.9678693868245617,0.047059909171619785,0
0.6,0.01,0.5,0.05,1.5,0.05744101141690711,1,0.18698971506736806,1.1686857191710505,0.1899677952688833,0.8100322047311167,2.3333333333333335,3,0.19017094017094016,0.9390243644531492,0.84,0.8130102849326319,0.9678693868245617,0.047059909171619785,0
0.6,0.01,0.5,0.1,inf,0.05744101141690711,1,0.18698971506736806,1.1686857191710505,0.1899677952688833,0.8100322047311167,2.3333333333333335,3,0.19017094017094016,0.9390243644531492,0.84,0.8130102849326319,0.9678693868245617,0.047059909171619785,0
0.6,0.01,0.5,0.1,1.25,0.05744101141690711,1,0.18698971506736806,1.1686857191710505,0.1899677952688833,0.8100322047311167,2.3333333333333335,3,0.19017094017094016,0.9390243644531492,0.84,0.8130102849326319,0.9678693868245617,0.047059909171619785,0
0.6,0.01,0.5,0.1,1.5,0.05744101141690711,1,0.18698971506736806,1.1686857191710505,0.1899677952688833,0.8100322047311167,2.3333333333333335,3,0.19017094017094016,0.9390243644531492,0.84,0.8130102849326319,0.9678693868245617,0.047059909171619785,0
0.6,0.01,0.5,0.2,inf,0.05744101141690711,1,0.18698971506736806,1.1686857191710505,0.1899677952688833,0.8100322047311167,2.3333333333333335,3,0.19017094017094016,0.9390243644531492,0.84,0.8130102849326319,0.9678693868245617,0.047059909171619785,0
0.6,0.01,0.5,0.2,1.25,0.05744101141690711,1,0.18698971506736806,1.1686857191710505,0.1899677952688833,0.8100322047311167,2.3333333333333335,3,0.19017094017094016,0.9390243644531492,0.84,0.8130102849326319,0.9678693868245617,0.047059909171619785,0
0.6,0.01,0.5,0.2,1.5,0.05744101141690711,1,0.18698971506736806,1.1686857191710505,0.1899677952688833,0.8100322047311167,2.3333333333333335,3,0.19017094017094016,0.9390243644531492,0.84,0.8130102849326319,0.9678693868245617,0.047059909171619785,0
0.6,0.01,0.3,0.02,inf,0.05744101141690711,1,0.18698971506736806,1.1686857191710505,0.1899677952688833,0.8100322047311167,2.3333333333333335,3,0.19017094017094016,0.9390243644531492,0.84,0.8130102849326319,0.9678693868245617,0.047059909171619785,0
0.6,0.01,0.3,0.02,1.25,0.05744101141690711,1,0.18698971506736806,1.1686857191710505,0.1899677952688833,0.8100322047311167,2.3333333333333335,3,0.19017094017094016,0.9390243644531492,0.84,0.8130102849326319,0.9678693868245617,0.047059909171619785,0
0.6,0.01,0.3,0.02,1.5,0.05744101141690711,1,0.18698971506736806,1.1686857191710505,0.1899677952688833,0.8100322047311167,2.3333333333333335,3,0.19017094017094016,0.9390243644531492,0.84,0.8130102849326319,0.9678693868245617,0.047059909171619785,0
0.6,0.01,0.3,0.05,inf,0.05744101141690711,1,0.18698971506736806,1.1686857191710505,0.1899677952688833,0.8100322047311167,2.3333333333333335,3,0.19017094017094016,0.9390243644531492,0.84,0.8130102849326319,0.9678693868245617,0.047059909171619785,0
0.6,0.01,0.3,0.05,1.25,0.05744101141690711,1,0.18698971506736806,1.1686857191710505,0.1899677952688833,0.8100322047311167,2.3333333333333335,3,0.19017094017094016,0.9390243644531492,0.84,0.8130102849326319,0.9678693868245617,0.047059909171619785,0
0.6,0.01,0.3,0.05,1.5,0.05744101141690711,1,0.18698971506736806,1.1686857191710505,0.1899677952688833,0.8100322047311167,2.3333333333333335,3,0.19017094017094016,0.9390243644531492,0.84,0.8130102849326319,0.9678693868245617,0.047059909171619785,0
0.6,0.01,0.3,0.1,inf,0.05744101141690711,1,0.18698971506736806,1.1686857191710505,0.1899677952688833,0.8100322047311167,2.3333333333333335,3,0.19017094017094016,0.9390243644531492,0.84,0.8130102849326319,0.9678693868245617,0.047059909171619785,0
0.6,0.01,0.3,0.1,1.25,0.05744101141690711,1,0.18698971506736806,1.1686857191710505,0.1899677952688833,0.8100322047311167,2.3333333333333335,3,0.19017094017094016,0.9390243644531492,0.84,0.8130102849326319,0.9678693868245617,0.047059909171619785,0
0.6,0.01,0.3,0.1,1.5,0.05744101141690711,1,0.18698971506736806,1.1686857191710505,0.1899677952688833,0.8100322047311167,2.3333333333333335,3,0.19017094017094016,0.9390243644531492,0.84,0.8130102849326319,0.9678693868245617,0.047059909171619785,0
0.6,0.01,0.3,0.2,inf,0.05744101141690711,1,0.18698971506736806,1.1686857191710505,0.1899677952688833,0.8100322047311167,2.3333333333333335,3,0.19017094017094016,0.9390243644531492,0.84,0.8130102849326319,0.9678693868245617,0.047059909171619785,0
0.6,0.01,0.3,0.2,1.25,0.05744101141690711,1,0.18698971506736806,1.1686857191710505,0.1899677952688833,0.8100322047311167,2.3333333333333335,3,0.19017094017094016,0.9390243644531492,0.84,0.8130102849326319,0.9678693868245617,0.047059909171619785,0
0.6,0.01,0.3,0.2,1.5,0.05744101141690711,1,0.18698971506736806,1.1686857191710505,0.1899677952688833,0.8100322047311167,2.3333333333333335,3,0.19017094017094016,0.9390243644531492,0.84,0.8130102849326319,0.9678693868245617,0.047059909171619785,0
0.6,0.01,0.2,0.02,inf,0.05744101141690711,1,0.18698971506736806,1.1686857191710505,0.1899677952688833,0.8100322047311167,2.3333333333333335,3,0.19017094017094016,0.9390243644531492,0.84,0.8130102849326319,0.9678693868245617,0.047059909171619785,0
0.6,0.01,0.2,0.02,1.25,0.05744101141690711,1,0.18698971506736806,1.1686857191710505,0.1899677952688833,0.8100322047311167,2.3333333333333335,3,0.19017094017094016,0.9390243644531492,0.84,0.8130102849326319,0.9678693868245617,0.047059909171619785,0
0.6,0.01,0.2,0.02,1.5,0.05744101141690711,1,0.18698971506736806,1.1686857191710505,0.1899677952688833,0.8100322047311167,2.3333333333333335,3,0.19017094017094016,0.9390243644531492,0.84,0.8130102849326319,0.9678693868245617,0.047059909171619785,0
0.6,0.01,0.2,0.05,inf,0.05744101141690711,1,0.18698971506736806,1.1686857191710505,0.1899677952688833,0.8100322047311167,2.3333333333333335,3,0.19017094017094016,0.9390243644531492,0.84,0.8130102849326319,0.9678693868245617,0.047059909171619785,0
0.6,0.01,0.2,0.05,1.25,0.05744101141690711,1,0.18698971506736806,1.1686857191710505,0.1899677952688833,0.8100322047311167,2.3333333333333335,3,0.19017094017094016,0.9390243644531492,0.84,0.8130102849326319,0.9678693868245617,0.047059909171619785,0
0.6,0.01,0.2,0.05,1.5,0.05744101141690711,1,0.18698971506736806,1.1686857191710505,0.1899677952688833,0.8100322047311167,2.3333333333333335,3,0.19017094017094016,0.9390243644531492,0.84,0.8130102849326319,0.9678693868245617,0.047059909171619785,0
0.6,0.01,0.2,0.1,inf,0.05744101141690711,1,0.18698971506736806,1.1686857191710505,0.1899677952688833,0.8100322047311167,2.3333333333333335,3,0.19017094017094016,0.9390243644531492,0.84,0.8130102849326319,0.9678693868245617,0.047059909171619785,0
0.6,0.01,0.2,0.1,1.25,0.05744101141690711,1,0.18698971506736806,1.1686857191710505,0.1899677952688833,0.8100322047311167,2.3333333333333335,3,0.19017094017094016,0.9390243644531492,0.84,0.8130102849326319,0.9678693868245617,0.047059909171619785,0
0.6,0.01,0.2,0.1,1.5,0.05744101141690711,1,0.18698971506736806,1.1686857191710505,0.1899677952688833,0.8100322047311167,2.3333333333333335,3,0.19017094017094016,0.9390243644531492,0.84,0.8130102849326319,0.9678693868245617,0.047059909171619785,0
0.6,0.01,0.2,0.2,inf,0.05744101141690711,1,0.18698971506736806,1.1686857191710505,0.1899677952688833,0.8100322047311167,2.3333333333333335,3,0.19017094017094016,0.9390243644531492,0.84,0.8130102849326319,0.9678693868245617,0.047059909171619785,0
0.6,0.01,0.2,0.2,1.25,0.05744101141690711,1,0.18698971506736806,1.1686857191710505,0.1899677952688833,0.8100322047311167,2.3333333333333335,3,0.19017094017094016,0.9390243644531492,0.84,0.8130102849326319,0.9678693868245617,0.047059909171619785,0
0.6,0.01,0.2,0.2,1.5,0.05744101141690711,1,0.18698971506736806,1.1686857191710505,0.1899677952688833,0.8100322047311167,2.3333333333333335,3,0.19017094017094016,0.9390243644531492,0.84,0.8130102849326319,0.9678693868245617,0.047059909171619785,0
0.6,0.01,0.12,0.02,inf,0.05744101141690711,1,0.18698971506736806,1.1686857191710505,0.1899677952688833,0.8100322047311167,2.3333333333333335,3,0.19017094017094016,0.9390243644531492,0.84,0.8130102849326319,0.9678693868245617,0.047059909171619785,0
0.6,0.01,0.12,0.02,1.25,0.05744101141690711,1,0.18698971506736806,1.1686857191710505,0.1899677952688833,0.8100322047311167,2.3333333333333335,3,0.19017094017094016,0.9390243644531492,0.84,0.8130102849326319,0.9678693868245617,0.047059909171619785,0
0.6,0.01,0.12,0.02,1.5,0.05744101141690711,1,0.18698971506736806,1.1686857191710505,0.1899677952688833,0.8100322047311167,2.3333333333333335,3,0.19017094017094016,0.9390243644531492,0.84,0.8130102849326319,0.9678693868245617,0.047059909171619785,0
0.6,0.01,0.12,0.05,inf,0.05744101141690711,1,0.18698971506736806,1.1686857191710505,0.1899677952688833,0.8100322047311167,2.3333333333333335,3,0.19017094017094016,0.9390243644531492,0.84,0.8130102849326319,0.9678693868245617,0.047059909171619785,0
0.6,0.01,0.12,0.05,1.25,0.05744101141690711,1,0.18698971506736806,1.1686857191710505,0.1899677952688833,0.8100322047311167,2.3333333333333335,3,0.19017094017094016,0.9390243644531492,0.84,0.8130102849326319,0.9678693868245617,0.047059909171619785,0
0.6,0.01,0.12,0.05,1.5,0.05744101141690711,1,0.18698971506736806,1.1686857191710505,0.1899677952688833,0.8100322047311167,2.3333333333333335,3,0.19017094017094016,0.9390243644531492,0.84,0.8130102849326319,0.9678693868245617,0.047059909171619785,0
0.6,0.01,0.12,0.1,inf,0.05744101141690711,1,0.18698971506736806,1.1686857191710505,0.1899677952688833,0.8100322047311167,2.3333333333333335,3,0.19017094017094016,0.9390243644531492,0.84,0.8130102849326319,0.9678693868245617,0.047059909171619785,0
0.6,0.01,0.12,0.1,1.25,0.05744101141690711,1,0.18698971506736806,1.1686857191710505,0.1899677952688833,0.8100322047311167,2.3333333333333335,3,0.19017094017094016,0.9390243644531492,0.84,0.8130102849326319,0.9678693868245617,0.047059909171619785,0
0.6,0.01,0.12,0.1,1.5,0.05744101141690711,1,0.18698971506736806,1.1686857191710505,0.1899677952688833,0.8100322047311167,2.3333333333333335,3,0.19017094017094016,0.9390243644531492,0.84,0.8130102849326319,0.9678693868245617,0.047059909171619785,0
0.6,0.01,0.12,0.2,inf,0.05744101141690711,1,0.18698971506736806,1.1686857191710505,0.1899677952688833,0.8100322047311167,2.3333333333333335,3,0.19017094017094016,0.9390243644531492,0.84,0.8130102849326319,0.9678693868245617,0.047059909171619785,0
0.6,0.01,0.12,0.2,1.25,0.05744101141690711,1,0.18698971506736806,1.1686857191710505,0.1899677952688833,0.8100322047311167,2.3333333333333335,3,0.19017094017094016,0.9390243644531492,0.84,0.8130102849326319,0.9678693868245617,0.047059909171619785,0
0.6,0.01,0.12,0.2,1.5,0.05744101141690711,1,0.18698971506736806,1.1686857191710505,0.1899677952688833,0.8100322047311167,2.3333333333333335,3,0.19017094017094016,0.9390243644531492,0.84,0.8130102849326319,0.9678693868245617,0.047059909171619785,0
0.55,0.005,0.5,0.02,inf,0.06560123700311693,1,0.20875115294065258,1.304694705879079,0.22912220700087504,0.770877792999125,3.6666666666666665,4,0.297008547008547,0.8905423700776035,0.84,0.7912488470593475,0.9419629131658898,0.04458204671192306,0
0.55,0.005,0.5,0.02,1.25,0.06560123700311693,1,0.20875115294065258,1.304694705879079,0.22912220700087504,0.770877792999125,3.6666666666666665,4,0.297008547008547,0.8905423700776035,0.84,0.7912488470593475,0.9419629131658898,0.04458204671192306,0
0.55,0.005,0.5,0.02,1.5,0.06560123700311693,1,0.20875115294065258,1.304694705879079,0.22912220700087504,0.770877792999125,3.6666666666666665,4,0.297008547008547,0.8905423700776035,0.84,0.7912488470593475,0.9419629131658898,0.04458204671192306,0
0.55,0.005,0.5,0.05,inf,0.06560123700311693,1,0.20875115294065258,1.304694705879079,0.22912220700087504,0.770877792999125,3.6666666666666665,4,0.297008547008547,0.8905423700776035,0.84,0.7912488470593475,0.9419629131658898,0.04458204671192306,0
0.55,0.005,0.5,0.05,1.25,0.06560123700311693,1,0.20875115294065258,1.304694705879079,0.22912220700087504,0.770877792999125,3.6666666666666665,4,0.297008547008547,0.8905423700776035,0.84,0.7912488470593475,0.9419629131658898,0.04458204671192306,0
0.55,0.005,0.5,0.05,1.5,0.06560123700311693,1,0.20875115294065258,1.304694705879079,0.22912220700087504,0.770877792999125,3.6666666666666665,4,0.297008547008547,0.8905423700776035,0.84,0.7912488470593475,0.9419629131658898,0.04458204671192306,0
0.55,0.005,0.5,0.1,inf,0.06560123700311693,1,0.20875115294065258,1.304694705879079,0.22912220700087504,0.770877792999125,3.6666666666666665,4,0.297008547008547,0.8905423700776035,0.84,0.7912488470593475,0.9419629131658898,0.04458204671192306,0
0.55,0.005,0.5,0.1,1.25,0.06560123700311693,1,0.20875115294065258,1.304694705879079,0.22912220700087504,0.770877792999125,3.6666666666666665,4,0.297008547008547,0.8905423700776035,0.84,0.7912488470593475,0.9419629131658898,0.04458204671192306,0
0.55,0.005,0.5,0.1,1.5,0.06560123700311693,1,0.20875115294065258,1.304694705879079,0.22912220700087504,0.770877792999125,3.6666666666666665,4,0.297008547008547,0.8905423700776035,0.84,0.7912488470593475,0.9419629131658898,0.04458204671192306,0
0.55,0.005,0.5,0.2,inf,0.06560123700311693,1,0.20875115294065258,1.304694705879079,0.22912220700087504,0.770877792999125,3.6666666666666665,4,0.297008547008547,0.8905423700776035,0.84,0.7912488470593475,0.9419629131658898,0.04458204671192306,0
0.55,0.005,0.5,0.2,1.25,0.06560123700311693,1,0.20875115294065258,1.304694705879079,0.22912220700087504,0.770877792999125,3.6666666666666665,4,0.297008547008547,0.8905423700776035,0.84,0.7912488470593475,0.9419629131658898,0.04458204671192306,0
0.55,0.005,0.5,0.2,1.5,0.06560123700311693,1,0.20875115294065258,1.304694705879079,0.22912220700087504,0.770877792999125,3.6666666666666665,4,0.297008547008547,0.8905423700776035,0.84,0.7912488470593475,0.9419629131658898,0.04458204671192306,0
0.55,0.005,0.3,0.02,inf,0.06560123700311693,1,0.20875115294065258,1.304694705879079,0.22912220700087504,0.770877792999125,3.6666666666666665,4,0.297008547008547,0.8905423700776035,0.84,0.7912488470593475,0.9419629131658898,0.04458204671192306,0
0.55,0.005,0.3,0.02,1.25,0.06560123700311693,1,0.20875115294065258,1.304694705879079,0.22912220700087504,0.770877792999125,3.6666666666666665,4,0.297008547008547,0.8905423700776035,0.84,0.7912488470593475,0.9419629131658898,0.04458204671192306,0
0.55,0.005,0.3,0.02,1.5,0.06560123700311693,1,0.20875115294065258,1.304694705879079,0.22912220700087504,0.770877792999125,3.6666666666666665,4,0.297008547008547,0.8905423700776035,0.84,0.7912488470593475,0.9419629131658898,0.04458204671192306,0
0.55,0.005,0.3,0.05,inf,0.06560123700311693,1,0.20875115294065258,1.304694705879079,0.22912220700087504,0.770877792999125,3.6666666666666665,4,0.297008547008547,0.8905423700776035,0.84,0.7912488470593475,0.9419629131658898,0.04458204671192306,0
0.55,0.005,0.3,0.05,1.25,0.06560123700311693,1,0.20875115294065258,1.304694705879079,0.22912220700087504,0.770877792999125,3.6666666666666665,4,0.297008547008547,0.8905423700776035,0.84,0.7912488470593475,0.9419629131658898,0.04458204671192306,0
0.55,0.005,0.3,0.05,1.5,0.06560123700311693,1,0.20875115294065258,1.304694705879079,0.22912220700087504,0.770877792999125,3.6666666666666665,4,0.297008547008547,0.8905423700776035,0.84,0.7912488470593475,0.9419629131658898,0.04458204671192306,0
0.55,0.005,0.3,0.1,inf,0.06560123700311693,1,0.20875115294065258,1.304694705879079,0.22912220700087504,0.770877792999125,3.6666666666666665,4,0.297008547008547,0.8905423700776035,0.84,0.7912488470593475,0.9419629131658898,0.04458204671192306,0
0.55,0.005,0.3,0.1,1.25,0.06560123700311693,1,0.20875115294065258,1.304694705879079,0.22912220700087504,0.770877792999125,3.6666666666666665,4,0.297008547008547,0.8905423700776035,0.84,0.7912488470593475,0.9419629131658898,0.04458204671192306,0
0.55,0.005,0.3,0.1,1.5,0.06560123700311693,1,0.20875115294065258,1.304694705879079,0.22912220700087504,0.770877792999125,3.6666666666666665,4,0.297008547008547,0.8905423700776035,0.84,0.7912488470593475,0.9419629131658898,0.04458204671192306,0
0.55,0.005,0.3,0.2,inf,0.06560123700311693,1,0.20875115294065258,1.304694705879079,0.22912220700087504,0.770877792999125,3.6666666666666665,4,0.297008547008547,0.8905423700776035,0.84,0.7912488470593475,0.9419629131658898,0.04458204671192306,0
0.55,0.005,0.3,0.2,1.25,0.06560123700311693,1,0.20875115294065258,1.304694705879079,0.22912220700087504,0.770877792999125,3.6666666666666665,4,0.297008547008547,0.8905423700776035,0.84,0.7912488470593475,0.9419629131658898,0.04458204671192306,0
0.55,0.005,0.3,0.2,1.5,0.06560123700311693,1,0.20875115294065258,1.304694705879079,0.22912220700087504,0.770877792999125,3.6666666666666665,4,0.297008547008547,0.8905423700776035,0.84,0.7912488470593475,0.9419629131658898,0.04458204671192306,0
0.55,0.005,0.2,0.02,inf,0.06560123700311693,1,0.20875115294065258,1.304694705879079,0.22912220700087504,0.770877792999125,3.6666666666666665,4,0.297008547008547,0.8905423700776035,0.84,0.7912488470593475,0.9419629131658898,0.04458204671192306,0
0.55,0.005,0.2,0.02,1.25,0.06560123700311693,1,0.20875115294065258,1.304694705879079,0.22912220700087504,0.770877792999125,3.6666666666666665,4,0.297008547008547,0.8905423700776035,0.84,0.7912488470593475,0.9419629131658898,0.04458204671192306,0
0.55,0.005,0.2,0.02,1.5,0.06560123700311693,1,0.20875115294065258,1.304694705879079,0.22912220700087504,0.770877792999125,3.6666666666666665,4,0.297008547008547,0.8905423700776035,0.84,0.7912488470593475,0.9419629131658898,0.04458204671192306,0
0.55,0.005,0.2,0.05,inf,0.06560123700311693,1,0.20875115294065258,1.304694705879079,0.22912220700087504,0.770877792999125,3.6666666666666665,4,0.297008547008547,0.8905423700776035,0.84,0.7912488470593475,0.9419629131658898,0.04458204671192306,0
0.55,0.005,0.2,0.05,1.25,0.06560123700311693,1,0.20875115294065258,1.304694705879079,0.22912220700087504,0.770877792999125,3.6666666666666665,4,0.297008547008547,0.8905423700776035,0.84,0.7912488470593475,0.9419629131658898,0.04458204671192306,0
0.55,0.005,0.2,0.05,1.5,0.06560123700311693,1,0.20875115294065258,1.304694705879079,0.22912220700087504,0.770877792999125,3.6666666666666665,4,0.297008547008547,0.8905423700776035,0.84,0.7912488470593475,0.9419629131658898,0.04458204671192306,0
0.55,0.005,0.2,0.1,inf,0.06560123700311693,1,0.20875115294065258,1.304694705879079,0.22912220700087504,0.770877792999125,3.6666666666666665,4,0.297008547008547,0.8905423700776035,0.84,0.7912488470593475,0.9419629131658898,0.04458204671192306,0
0.55,0.005,0.2,0.1,1.25,0.06560123700311693,1,0.20875115294065258,1.304694705879079,0.22912220700087504,0.770877792999125,3.6666666666666665,4,0.297008547008547,0.8905423700776035,0.84,0.7912488470593475,0.9419629131658898,0.04458204671192306,0
0.55,0.005,0.2,0.1,1.5,0.06560123700311693,1,0.20875115294065258,1.304694705879079,0.22912220700087504,0.770877792999125,3.6666666666666665,4,0.297008547008547,0.8905423700776035,0.84,0.7912488470593475,0.9419629131658898,0.04458204671192306,0
0.55,0.005,0.2,0.2,inf,0.06560123700311693,1,0.20875115294065258,1.304694705879079,0.22912220700087504,0.770877792999125,3.6666666666666665,4,0.297008547008547,0.8905423700776035,0.84,0.7912488470593475,0.9419629131658898,0.04458204671192306,0
0.55,0.005,0.2,0.2,1.25,0.06560123700311693,1,0.20875115294065258,1.304694705879079,0.22912220700087504,0.770877792999125,3.6666666666666665,4,0.297008547008547,0.8905423700776035,0.84,0.7912488470593475,0.9419629131658898,0.04458204671192306,0
0.55,0.005,0.2,0.2,1.5,0.06560123700311693,1,0.20875115294065258,1.304694705879079,0.22912220700087504,0.770877792999125,3.6666666666666665,4,0.297008547008547,0.8905423700776035,0.84,0.7912488470593475,0.9419629131658898,0.04458204671192306,0
0.55,0.005,0.12,0.02,inf,0.06560123700311693,1,0.20875115294065258,1.304694705879079,0.22912220700087504,0.770877792999125,3.6666666666666665,4,0.297008547008547,0.8905423700776035,0.84,0.7912488470593475,0.9419629131658898,0.04458204671192306,0
0.55,0.005,0.12,0.02,1.25,0.06560123700311693,1,0.20875115294065258,1.304694705879079,0.22912220700087504,0.770877792999125,3.6666666666666665,4,0.297008547008547,0.8905423700776035,0.84,0.7912488470593475,0.9419629131658898,0.04458204671192306,0
0.55,0.005,0.12,0.02,1.5,0.06560123700311693,1,0.20875115294065258,1.304694705879079,0.22912220700087504,0.770877792999125,3.6666666666666665,4,0.297008547008547,0.8905423700776035,0.84,0.7912488470593475,0.9419629131658898,0.04458204671192306,0
0.55,0.005,0.12,0.05,inf,0.06560123700311693,1,0.20875115294065258,1.304694705879079,0.22912220700087504,0.770877792999125,3.6666666666666665,4,0.297008547008547,0.8905423700776035,0.84,0.7912488470593475,0.9419629131658898,0.04458204671192306,0
0.55,0.005,0.12,0.05,1.25,0.06560123700311693,1,0.20875115294065258,1.304694705879079,0.22912220700087504,0.770877792999125,3.6666666666666665,4,0.297008547008547,0.8905423700776035,0.84,0.7912488470593475,0.9419629131658898,0.04458204671192306,0
0.55,0.005,0.12,0.05,1.5,0.06560123700311693,1,0.20875115294065258,1.304694705879079,0.22912220700087504,0.770877792999125,3.6666666666666665,4,0.297008547008547,0.8905423700776035,0.84,0.7912488470593475,0.9419629131658898,0.04458204671192306,0
0.55,0.005,0.12,0.1,inf,0.06560123700311693,1,0.20875115294065258,1.304694705879079,0.22912220700087504,0.770877792999125,3.6666666666666665,4,0.297008547008547,0.8905423700776035,0.84,0.7912488470593475,0.9419629131658898,0.04458204671192306,0
0.55,0.005,0.12,0.1,1.25,0.06560123700311693,1,0.20875115294065258,1.304694705879079,0.22912220700087504,0.770877792999125,3.6666666666666665,4,0.297008547008547,0.8905423700776035,0.84,0.7912488470593475,0.9419629131658898,0.04458204671192306,0
0.55,0.005,0.12,0.1,1.5,0.06560123700311693,1,0.20875115294065258,1.304694705879079,0.22912220700087504,0.770877792999125,3.6666666666666665,4,0.297008547008547,0.8905423700776035,0.84,0.7912488470593475,0.9419629131658898,0.04458204671192306,0
0.55,0.005,0.12,0.2,inf,0.06560123700311693,1,0.20875115294065258,1.304694705879079,0.22912220700087504,0.770877792999125,3.6666666666666665,4,0.297008547008547,0.8905423700776035,0.84,0.7912488470593475,0.9419629131658898,0.04458204671192306,0
0.55,0.005,0.12,0.2,1.25,0.06560123700311693,1,0.20875115294065258,1.304694705879079,0.22912220700087504,0.770877792999125,3.6666666666666665,4,0.297008547008547,0.8905423700776035,0.84,0.7912488470593475,0.9419629131658898,0.04458204671192306,0
0.55,0.005,0.12,0.2,1.5,0.06560123700311693,1,0.20875115294065258,1.304694705879079,0.22912220700087504,0.770877792999125,3.6666666666666665,4,0.297008547008547,0.8905423700776035,0.84,0.7912488470593475,0.9419629131658898,0.04458204671192306,0
0.6,0.015,0.5,0.02,inf,0.07989699718109432,1,0.17506142154053195,1.0941338846283248,0.1899677952688833,0.8100322047311167,2.3333333333333335,3,0.19017094017094016,0.9213673470161646,0.84,0.8249385784594679,0.9820697362612715,0.047059909171619785,1
0.6,0.015,0.5,0.02,1.25,0.07989699718109432,1,0.17506142154053195,1.0941338846283248,0.1899677952688833,0.8100322047311167,2.3333333333333335,3,0.19017094017094016,0.9213673470161646,0.84,0.8249385784594679,0.9820697362612715,0.047059909171619785,1
0.6,0.015,0.5,0.02,1.5,0.07989699718109432,1,0.17506142154053195,1.0941338846283248,0.1899677952688833,0.8100322047311167,2.3333333333333335,3,0.19017094017094016,0.9213673470161646,0.84,0.8249385784594679,0.9820697362612715,0.047059909171619785,1
0.6,0.015,0.5,0.05,inf,0.07989699718109432,1,0.17506142154053195,1.0941338846283248,0.1899677952688833,0.8100322047311167,2.3333333333333335,3,0.19017094017094016,0.9213673470161646,0.84,0.8249385784594679,0.9820697362612715,0.047059909171619785,1
0.6,0.015,0.5,0.05,1.25,0.07989699718109432,1,0.17506142154053195,1.0941338846283248,0.1899677952688833,0.8100322047311167,2.3333333333333335,3,0.19017094017094016,0.9213673470161646,0.84,0.8249385784594679,0.9820697362612715,0.047059909171619785,1
0.6,0.015,0.5,0.05,1.5,0.07989699718109432,1,0.17506142154053195,1.0941338846283248,0.1899677952688833,0.8100322047311167,2.3333333333333335,3,0.19017094017094016,0.9213673470161646,0.84,0.8249385784594679,0.9820697362612715,0.047059909171619785,1
0.6,0.015,0.5,0.1,inf,0.07989699718109432,1,0.17506142154053195,1.0941338846283248,0.1899677952688833,0.8100322047311167,2.3333333333333335,3,0.19017094017094016,0.9213673470161646,0.84,0.8249385784594679,0.9820697362612715,0.047059909171619785,1
0.6,0.015,0.5,0.1,1.25,0.07989699718109432,1,0.17506142154053195,1.0941338846283248,0.1899677952688833,0.8100322047311167,2.3333333333333335,3,0.19017094017094016,0.9213673470161646,0.84,0.8249385784594679,0.9820697362612715,0.047059909171619785,1
0.6,0.015,0.5,0.1,1.5,0.07989699718109432,1,0.17506142154053195,1.0941338846283248,0.1899677952688833,0.8100322047311167,2.3333333333333335,3,0.19017094017094016,0.9213673470161646,0.84,0.8249385784594679,0.9820697362612715,0.047059909171619785,1
0.6,0.015,0.5,0.2,inf,0.07989699718109432,1,0.17506142154053195,1.0941338846283248,0.1899677952688833,0.8100322047311167,2.3333333333333335,3,0.19017094017094016,0.9213673470161646,0.84,0.8249385784594679,0.9820697362612715,0.047059909171619785,1
0.6,0.015,0.5,0.2,1.25,0.07989699718109432,1,0.17506142154053195,1.0941338846283248,0.1899677952688833,0.8100322047311167,2.3333333333333335,3,0.19017094017094016,0.9213673470161646,0.84,0.8249385784594679,0.9820697362612715,0.047059909171619785,1
0.6,0.015,0.5,0.2,1.5,0.07989699718109432,1,0.17506142154053195,1.0941338846283248,0.1899677952688833,0.8100322047311167,2.3333333333333335,3,0.19017094017094016,0.9213673470161646,0.84,0.8249385784594679,0.9820697362612715,0.047059909171619785,1
0.6,0.015,0.3,0.02,inf,0.07989699718109432,1,0.17506142154053195,1.0941338846283248,0.1899677952688833,0.8100322047311167,2.3333333333333335,3,0.19017094017094016,0.9213673470161646,0.84,0.8249385784594679,0.9820697362612715,0.047059909171619785,1
0.6,0.015,0.3,0.02,1.25,0.07989699718109432,1,0.17506142154053195,1.0941338846283248,0.1899677952688833,0.8100322047311167,2.3333333333333335,3,0.19017094017094016,0.9213673470161646,0.84,0.8249385784594679,0.9820697362612715,0.047059909171619785,1
0.6,0.015,0.3,0.02,1.5,0.07989699718109432,1,0.17506142154053195,1.0941338846283248,0.1899677952688833,0.8100322047311167,2.3333333333333335,3,0.19017094017094016,0.9213673470161646,0.84,0.8249385784594679,0.9820697362612715,0.047059909171619785,1
0.6,0.015,0.3,0.05,inf,0.07989699718109432,1,0.17506142154053195,1.0941338846283248,0.1899677952688833,0.8100322047311167,2.3333333333333335,3,0.19017094017094016,0.9213673470161646,0.84,0.8249385784594679,0.9820697362612715,0.047059909171619785,1
0.6,0.015,0.3,0.05,1.25,0.07989699718109432,1,0.17506142154053195,1.0941338846283248,0.1899677952688833,0.8100322047311167,2.3333333333333335,3,0.19017094017094016,0.9213673470161646,0.84,0.8249385784594679,0.9820697362612715,0.047059909171619785,1
0.6,0.015,0.3,0.05,1.5,0.07989699718109432,1,0.17506142154053195,1.0941338846283248,0.1899677952688833,0.8100322047311167,2.3333333333333335,3,0.19017094017094016,0.9213673470161646,0.84,0.8249385784594679,0.9820697362612715,0.047059909171619785,1
0.6,0.015,0.3,0.1,inf,0.07989699718109432,1,0.17506142154053195,1.0941338846283248,0.1899677952688833,0.8100322047311167,2.3333333333333335,3,0.19017094017094016,0.9213673470161646,0.84,0.8249385784594679,0.9820697362612715,0.047059909171619785,1
0.6,0.015,0.3,0.1,1.25,0.07989699718109432,1,0.17506142154053195,1.0941338846283248,0.1899677952688833,0.8100322047311167,2.3333333333333335,3,0.19017094017094016,0.9213673470161646,0.84,0.8249385784594679,0.9820697362612715,0.047059909171619785,1
0.6,0.015,0.3,0.1,1.5,0.07989699718109432,1,0.17506142154053195,1.0941338846283248,0.1899677952688833,0.8100322047311167,2.3333333333333335,3,0.19017094017094016,0.9213673470161646,0.84,0.8249385784594679,0.9820697362612715,0.047059909171619785,1
0.6,0.015,0.3,0.2,inf,0.07989699718109432,1,0.17506142154053195,1.0941338846283248,0.1899677952688833,0.8100322047311167,2.3333333333333335,3,0.19017094017094016,0.9213673470161646,0.84,0.8249385784594679,0.9820697362612715,0.047059909171619785,1
0.6,0.015,0.3,0.2,1.25,0.07989699718109432,1,0.17506142154053195,1.0941338846283248,0.1899677952688833,0.8100322047311167,2.3333333333333335,3,0.19017094017094016,0.9213673470161646,0.84,0.8249385784594679,0.9820697362612715,0.047059909171619785,1
0.6,0.015,0.3,0.2,1.5,0.07989699718109432,1,0.17506142154053195,1.0941338846283248,0.1899677952688833,0.8100322047311167,2.3333333333333335,3,0.19017094017094016,0.9213673470161646,0.84,0.8249385784594679,0.9820697362612715,0.047059909171619785,1
0.6,0.015,0.2,0.02,inf,0.07989699718109432,1,0.17506142154053195,1.0941338846283248,0.1899677952688833,0.8100322047311167,2.3333333333333335,3,0.19017094017094016,0.9213673470161646,0.84,0.8249385784594679,0.9820697362612715,0.047059909171619785,1
0.6,0.015,0.2,0.02,1.25,0.07989699718109432,1,0.17506142154053195,1.0941338846283248,0.1899677952688833,0.8100322047311167,2.3333333333333335,3,0.19017094017094016,0.9213673470161646,0.84,0.8249385784594679,0.9820697362612715,0.047059909171619785,1
0.6,0.015,0.2,0.02,1.5,0.07989699718109432,1,0.17506142154053195,1.0941338846283248,0.1899677952688833,0.8100322047311167,2.3333333333333335,3,0.19017094017094016,0.9213673470161646,0.84,0.8249385784594679,0.9820697362612715,0.047059909171619785,1
0.6,0.015,0.2,0.05,inf,0.07989699718109432,1,0.17506142154053195,1.0941338846283248,0.1899677952688833,0.8100322047311167,2.3333333333333335,3,0.19017094017094016,0.9213673470161646,0.84,0.8249385784594679,0.9820697362612715,0.047059909171619785,1
0.6,0.015,0.2,0.05,1.25,0.07989699718109432,1,0.17506142154053195,1.0941338846283248,0.1899677952688833,0.8100322047311167,2.3333333333333335,3,0.19017094017094016,0.9213673470161646,0.84,0.8249385784594679,0.9820697362612715,0.047059909171619785,1
0.6,0.015,0.2,0.05,1.5,0.07989699718109432,1,0.17506142154053195,1.0941338846283248,0.1899677952688833,0.8100322047311167,2.3333333333333335,3,0.19017094017094016,0.9213673470161646,0.84,0.8249385784594679,0.9820697362612715,0.047059909171619785,1
0.6,0.015,0.2,0.1,inf,0.07989699718109432,1,0.17506142154053195,1.0941338846283248,0.1899677952688833,0.8100322047311167,2.3333333333333335,3,0.19017094017094016,0.9213673470161646,0.84,0.8249385784594679,0.9820697362612715,0.047059909171619785,1
0.6,0.015,0.2,0.1,1.25,0.07989699718109432,1,0.17506142154053195,1.0941338846283248,0.1899677952688833,0.8100322047311167,2.3333333333333335,3,0.19017094017094016,0.9213673470161646,0.84,0.8249385784594679,0.9820697362612715,0.047059909171619785,1
0.6,0.015,0.2,0.1,1.5,0.07989699718109432,1,0.17506142154053195,1.0941338846283248,0.1899677952688833,0.8100322047311167,2.3333333333333335,3,0.19017094017094016,0.9213673470161646,0.84,0.8249385784594679,0.9820697362612715,0.047059909171619785,1
0.6,0.015,0.2,0.2,inf,0.07989699718109432,1,0.17506142154053195,1.0941338846283248,0.1899677952688833,0.8100322047311167,2.3333333333333335,3,0.19017094017094016,0.9213673470161646,0.84,0.8249385784594679,0.9820697362612715,0.047059909171619785,1
0.6,0.015,0.2,0.2,1.25,0.07989699718109432,1,0.17506142154053195,1.0941338846283248,0.1899677952688833,0.8100322047311167,2.3333333333333335,3,0.19017094017094016,0.9213673470161646,0.84,0.8249385784594679,0.9820697362612715,0.047059909171619785,1
0.6,0.015,0.2,0.2,1.5,0.07989699718109432,1,0.17506142154053195,1.0941338846283248,0.1899677952688833,0.8100322047311167,2.3333333333333335,3,0.19017094017094016,0.9213673470161646,0.84,0.8249385784594679,0.9820697362612715,0.047059909171619785,1
0.6,0.015,0.12,0.02,inf,0.07989699718109432,1,0.17506142154053195,1.0941338846283248,0.1899677952688833,0.8100322047311167,2.3333333333333335,3,0.19017094017094016,0.9213673470161646,0.84,0.8249385784594679,0.9820697362612715,0.047059909171619785,1
0.6,0.015,0.12,0.02,1.25,0.07989699718109432,1,0.17506142154053195,1.0941338846283248,0.1899677952688833,0.8100322047311167,2.3333333333333335,3,0.19017094017094016,0.9213673470161646,0.84,0.8249385784594679,0.9820697362612715,0.047059909171619785,1
0.6,0.015,0.12,0.02,1.5,0.07989699718109432,1,0.17506142154053195,1.0941338846283248,0.1899677952688833,0.8100322047311167,2.3333333333333335,3,0.19017094017094016,0.9213673470161646,0.84,0.8249385784594679,0.9820697362612715,0.047059909171619785,1
0.6,0.015,0.12,0.05,inf,0.07989699718109432,1,0.17506142154053195,1.0941338846283248,0.1899677952688833,0.8100322047311167,2.3333333333333335,3,0.19017094017094016,0.9213673470161646,0.84,0.8249385784594679,0.9820697362612715,0.047059909171619785,1
0.6,0.015,0.12,0.05,1.25,0.07989699718109432,1,0.17506142154053195,1.0941338846283248,0.1899677952688833,0.8100322047311167,2.3333333333333335,3,0.19017094017094016,0.9213673470161646,0.84,0.8249385784594679,0.9820697362612715,0.047059909171619785,1
0.6,0.015,0.12,0.05,1.5,0.07989699718109432,1,0.17506142154053195,1.0941338846283248,0.1899677952688833,0.8100322047311167,2.3333333333333335,3,0.19017094017094016,0.9213673470161646,0.84,0.8249385784594679,0.9820697362612715,0.047059909171619785,1
0.6,0.015,0.12,0.1,inf,0.07989699718109432,1,0.17506142154053195,1.0941338846283248,0.1899677952688833,0.8100322047311167,2.3333333333333335,3,0.19017094017094016,0.9213673470161646,0.84,0.8249385784594679,0.9820697362612715,0.047059909171619785,1
0.6,0.015,0.12,0.1,1.25,0.07989699718109432,1,0.17506142154053195,1.0941338846283248,0.1899677952688833,0.8100322047311167,2.3333333333333335,3,0.19017094017094016,0.9213673470161646,0.84,0.8249385784594679,0.9820697362612715,0.047059909171619785,1
0.6,0.015,0.12,0.1,1.5,0.07989699718109432,1,0.17506142154053195,1.0941338846283248,0.1899677952688833,0.8100322047311167,2.3333333333333335,3,0.19017094017094016,0.9213673470161646,0.84,0.8249385784594679,0.9820697362612715,0.047059909171619785,1
0.6,0.015,0.12,0.2,inf,0.07989699718109432,1,0.17506142154053195,1.0941338846283248,0.1899677952688833,0.8100322047311167,2.3333333333333335,3,0.19017094017094016,0.9213673470161646,0.84,0.8249385784594679,0.9820697362612715,0.047059909171619785,1
0.6,0.015,0.12,0.2,1.25,0.07989699718109432,1,0.17506142154053195,1.0941338846283248,0.1899677952688833,0.8100322047311167,2.3333333333333335,3,0.19017094017094016,0.9213673470161646,0.84,0.8249385784594679,0.9820697362612715,0.047059909171619785,1
0.6,0.015,0.12,0.2,1.5,0.07989699718109432,1,0.17506142154053195,1.0941338846283248,0.1899677952688833,0.8100322047311167,2.3333333333333335,3,0.19017094017094016,0.9213673470161646,0.84,0.8249385784594679,0.9820697362612715,0.047059909171619785,1
0.65,0.02,0.5,0.02,inf,0.09376941734083638,1,0.19754326375143552,1.234645398446472,0.2970174260799437,0.7029825739200564,1.6666666666666667,2,0.1346153846153846,0.9386212535309747,0.84,0.8024567362485645,0.955305638391148,0.05098156826925477,2
0.65,0.02,0.5,0.02,1.25,0.09376941734083638,1,0.19754326375143552,1.234645398446472,0.2970174260799437,0.7029825739200564,1.6666666666666667,2,0.1346153846153846,0.9386212535309747,0.84,0.8024567362485645,0.955305638391148,0.05098156826925477,2
0.65,0.02,0.5,0.02,1.5,0.09376941734083638,1,0.19754326375143552,1.234645398446472,0.2970174260799437,0.7029825739200564,1.6666666666666667,2,0.1346153846153846,0.9386212535309747,0.84,0.8024567362485645,0.955305638391148,0.05098156826925477,2
0.65,0.02,0.5,0.05,inf,0.09376941734083638,1,0.19754326375143552,1.234645398446472,0.2970174260799437,0.7029825739200564,1.6666666666666667,2,0.1346153846153846,0.9386212535309747,0.84,0.8024567362485645,0.955305638391148,0.05098156826925477,2
0.65,0.02,0.5,0.05,1.25,0.09376941734083638,1,0.19754326375143552,1.234645398446472,0.2970174260799437,0.7029825739200564,1.6666666666666667,2,0.1346153846153846,0.9386212535309747,0.84,0.8024567362485645,0.955305638391148,0.05098156826925477,2
0.65,0.02,0.5,0.05,1.5,0.09376941734083638,1,0.19754326375143552,1.234645398446472,0.2970174260799437,0.7029825739200564,1.6666666666666667,2,0.1346153846153846,0.9386212535309747,0.84,0.8024567362485645,0.955305638391148,0.05098156826925477,2
0.65,0.02,0.5,0.1,inf,0.09376941734083638,1,0.19754326375143552,1.234645398446472,0.2970174260799437,0.7029825739200564,1.6666666666666667,2,0.1346153846153846,0.9386212535309747,0.84,0.8024567362485645,0.955305638391148,0.05098156826925477,2
0.65,0.02,0.5,0.1,1.25,0.09376941734083638,1,0.19754326375143552,1.234645398446472,0.2970174260799437,0.7029825739200564,1.6666666666666667,2,0.1346153846153846,0.9386212535309747,0.84,0.8024567362485645,0.955305638391148,0.05098156826925477,2
0.65,0.02,0.5,0.1,1.5,0.09376941734083638,1,0.19754326375143552,1.234645398446472,0.2970174260799437,0.7029825739200564,1.6666666666666667,2,0.1346153846153846,0.9386212535309747,0.84,0.8024567362485645,0.955305638391148,0.05098156826925477,2
0.65,0.02,0.5,0.2,inf,0.09376941734083638,1,0.19754326375143552,1.234645398446472,0.2970174260799437,0.7029825739200564,1.6666666666666667,2,0.1346153846153846,0.9386212535309747,0.84,0.8024567362485645,0.955305638391148,0.05098156826925477,2
0.65,0.02,0.5,0.2,1.25,0.09376941734083638,1,0.19754326375143552,1.234645398446472,0.2970174260799437,0.7029825739200564,1.6666666666666667,2,0.1346153846153846,0.9386212535309747,0.84,0.8024567362485645,0.955305638391148,0.05098156826925477,2
0.65,0.02,0.5,0.2,1.5,0.09376941734083638,1,0.19754326375143552,1.234645398446472,0.2970174260799437,0.7029825739200564,1.6666666666666667,2,0.1346153846153846,0.9386212535309747,0.84,0.8024567362485645,0.955305638391148,0.05098156826925477,2
0.65,0.02,0.3,0.02,inf,0.09376941734083638,1,0.19754326375143552,1.234645398446472,0.2970174260799437,0.7029825739200564,1.6666666666666667,2,0.1346153846153846,0.9386212535309747,0.84,0.8024567362485645,0.955305638391148,0.05098156826925477,2
0.65,0.02,0.3,0.02,1.25,0.09376941734083638,1,0.19754326375143552,1.234645398446472,0.2970174260799437,0.7029825739200564,1.6666666666666667,2,0.1346153846153846,0.9386212535309747,0.84,0.8024567362485645,0.955305638391148,0.05098156826925477,2
0.65,0.02,0.3,0.02,1.5,0.09376941734083638,1,0.19754326375143552,1.234645398446472,0.2970174260799437,0.7029825739200564,1.6666666666666667,2,0.1346153846153846,0.9386212535309747,0.84,0.8024567362485645,0.955305638391148,0.05098156826925477,2
0.65,0.02,0.3,0.05,inf,0.09376941734083638,1,0.19754326375143552,1.234645398446472,0.2970174260799437,0.7029825739200564,1.6666666666666667,2,0.1346153846153846,0.9386212535309747,0.84,0.8024567362485645,0.955305638391148,0.05098156826925477,2
0.65,0.02,0.3,0.05,1.25,0.09376941734083638,1,0.19754326375143552,1.234645398446472,0.2970174260799437,0.7029825739200564,1.6666666666666667,2,0.1346153846153846,0.9386212535309747,0.84,0.8024567362485645,0.955305638391148,0.05098156826925477,2
0.65,0.02,0.3,0.05,1.5,0.09376941734083638,1,0.19754326375143552,1.234645398446472,0.2970174260799437,0.7029825739200564,1.6666666666666667,2,0.1346153846153846,0.9386212535309747,0.84,0.8024567362485645,0.955305638391148,0.05098156826925477,2
0.65,0.02,0.3,0.1,inf,0.09376941734083638,1,0.19754326375143552,1.234645398446472,0.2970174260799437,0.7029825739200564,1.6666666666666667,2,0.1346153846153846,0.9386212535309747,0.84,0.8024567362485645,0.955305638391148,0.05098156826925477,2
0.65,0.02,0.3,0.1,1.25,0.09376941734083638,1,0.19754326375143552,1.234645398446472,0.2970174260799437,0.7029825739200564,1.6666666666666667,2,0.1346153846153846,0.9386212535309747,0.84,0.8024567362485645,0.955305638391148,0.05098156826925477,2
0.65,0.02,0.3,0.1,1.5,0.09376941734083638,1,0.19754326375143552,1.234645398446472,0.2970174260799437,0.7029825739200564,1.6666666666666667,2,0.1346153846153846,0.9386212535309747,0.84,0.8024567362485645,0.955305638391148,0.05098156826925477,2
0.65,0.02,0.3,0.2,inf,0.09376941734083638,1,0.19754326375143552,1.234645398446472,0.2970174260799437,0.7029825739200564,1.6666666666666667,2,0.1346153846153846,0.9386212535309747,0.84,0.8024567362485645,0.955305638391148,0.05098156826925477,2
0.65,0.02,0.3,0.2,1.25,0.09376941734083638,1,0.19754326375143552,1.234645398446472,0.2970174260799437,0.7029825739200564,1.6666666666666667,2,0.1346153846153846,0.9386212535309747,0.84,0.8024567362485645,0.955305638391148,0.05098156826925477,2
0.65,0.02,0.3,0.2,1.5,0.09376941734083638,1,0.19754326375143552,1.234645398446472,0.2970174260799437,0.7029825739200564,1.6666666666666667,2,0.1346153846153846,0.9386212535309747,0.84,0.8024567362485645,0.955305638391148,0.05098156826925477,2
0.65,0.02,0.2,0.02,inf,0.09376941734083638,1,0.19754326375143552,1.234645398446472,0.2970174260799437,0.7029825739200564,1.6666666666666667,2,0.1346153846153846,0.9386212535309747,0.84,0.8024567362485645,0.955305638391148,0.05098156826925477,2
0.65,0.02,0.2,0.02,1.25,0.09376941734083638,1,0.19754326375143552,1.234645398446472,0.2970174260799437,0.7029825739200564,1.6666666666666667,2,0.1346153846153846,0.9386212535309747,0.84,0.8024567362485645,0.955305638391148,0.05098156826925477,2
0.65,0.02,0.2,0.02,1.5,0.09376941734083638,1,0.19754326375143552,1.234645398446472,0.2970174260799437,0.7029825739200564,1.6666666666666667,2,0.1346153846153846,0.9386212535309747,0.84,0.8024567362485645,0.955305638391148,0.05098156826925477,2
0.65,0.02,0.2,0.05,inf,0.09376941734083638,1,0.19754326375143552,1.234645398446472,0.2970174260799437,0.7029825739200564,1.6666666666666667,2,0.1346153846153846,0.9386212535309747,0.84,0.8024567362485645,0.955305638391148,0.05098156826925477,2
0.65,0.02,0.2,0.05,1.25,0.09376941734083638,1,0.19754326375143552,1.234645398446472,0.2970174260799437,0.7029825739200564,1.6666666666666667,2,0.1346153846153846,0.9386212535309747,0.84,0.8024567362485645,0.955305638391148,0.05098156826925477,2
0.65,0.02,0.2,0.05,1.5,0.09376941734083638,1,0.19754326375143552,1.234645398446472,0.2970174260799437,0.7029825739200564,1.6666666666666667,2,0.1346153846153846,0.9386212535309747,0.84,0.8024567362485645,0.955305638391148,0.05098156826925477,2
0.65,0.02,0.2,0.1,inf,0.09376941734083638,1,0.19754326375143552,1.234645398446472,0.2970174260799437,0.7029825739200564,1.6666666666666667,2,0.1346153846153846,0.9386212535309747,0.84,0.8024567362485645,0.955305638391148,0.05098156826925477,2
0.65,0.02,0.2,0.1,1.25,0.09376941734083638,1,0.19754326375143552,1.234645398446472,0.2970174260799437,0.7029825739200564,1.6666666666666667,2,0.1346153846153846,0.9386212535309747,0.84,0.8024567362485645,0.955305638391148,0.05098156826925477,2
0.65,0.02,0.2,0.1,1.5,0.09376941734083638,1,0.19754326375143552,1.234645398446472,0.2970174260799437,0.7029825739200564,1.6666666666666667,2,0.1346153846153846,0.9386212535309747,0.84,0.8024567362485645,0.955305638391148,0.05098156826925477,2
0.65,0.02,0.2,0.2,inf,0.09376941734083638,1,0.19754326375143552,1.234645398446472,0.2970174260799437,0.7029825739200564,1.6666666666666667,2,0.1346153846153846,0.9386212535309747,0.84,0.8024567362485645,0.955305638391148,0.05098156826925477,2
0.65,0.02,0.2,0.2,1.25,0.09376941734083638,1,0.19754326375143552,1.234645398446472,0.2970174260799437,0.7029825739200564,1.6666666666666667,2,0.1346153846153846,0.9386212535309747,0.84,0.8024567362485645,0.955305638391148,0.05098156826925477,2
0.65,0.02,0.2,0.2,1.5,0.09376941734083638,1,0.19754326375143552,1.234645398446472,0.2970174260799437,0.7029825739200564,1.6666666666666667,2,0.1346153846153846,0.9386212535309747,0.84,0.8024567362485645,0.955305638391148,0.05098156826925477,2
0.65,0.02,0.12,0.02,inf,0.09376941734083638,1,0.19754326375143552,1.234645398446472,0.2970174260799437,0.7029825739200564,1.6666666666666667,2,0.1346153846153846,0.9386212535309747,0.84,0.8024567362485645,0.955305638391148,0.05098156826925477,2
0.65,0.02,0.12,0.02,1.25,0.09376941734083638,1,0.19754326375143552,1.234645398446472,0.2970174260799437,0.7029825739200564,1.6666666666666667,2,0.1346153846153846,0.9386212535309747,0.84,0.8024567362485645,0.955305638391148,0.05098156826925477,2
0.65,0.02,0.12,0.02,1.5,0.09376941734083638,1,0.19754326375143552,1.234645398446472,0.2970174260799437,0.7029825739200564,1.6666666666666667,2,0.1346153846153846,0.9386212535309747,0.84,0.8024567362485645,0.955305638391148,0.05098156826925477,2
0.65,0.02,0.12,0.05,inf,0.09376941734083638,1,0.19754326375143552,1.234645398446472,0.2970174260799437,0.7029825739200564,1.6666666666666667,2,0.1346153846153846,0.9386212535309747,0.84,0.8024567362485645,0.955305638391148,0.05098156826925477,2
0.65,0.02,0.12,0.05,1.25,0.09376941734083638,1,0.19754326375143552,1.234645398446472,0.2970174260799437,0.7029825739200564,1.6666666666666667,2,0.1346153846153846,0.9386212535309747,0.84,0.8024567362485645,0.955305638391148,0.05098156826925477,2
0.65,0.02,0.12,0.05,1.5,0.09376941734083638,1,0.19754326375143552,1.234645398446472,0.2970174260799437,0.7029825739200564,1.6666666666666667,2,0.1346153846153846,0.9386212535309747,0.84,0.8024567362485645,0.955305638391148,0.05098156826925477,2
0.65,0.02,0.12,0.1,inf,0.09376941734083638,1,0.19754326375143552,1.234645398446472,0.2970174260799437,0.7029825739200564,1.6666666666666667,2,0.1346153846153846,0.9386212535309747,0.84,0.8024567362485645,0.955305638391148,0.05098156826925477,2
0.65,0.02,0.12,0.1,1.25,0.09376941734083638,1,0.19754326375143552,1.234645398446472,0.2970174260799437,0.7029825739200564,1.6666666666666667,2,0.1346153846153846,0.9386212535309747,0.84,0.8024567362485645,0.955305638391148,0.05098156826925477,2
0.65,0.02,0.12,0.1,1.5,0.09376941734083638,1,0.19754326375143552,1.234645398446472,0.2970174260799437,0.7029825739200564,1.6666666666666667,2,0.1346153846153846,0.9386212535309747,0.84,0.8024567362485645,0.955305638391148,0.05098156826925477,2
0.65,0.02,0.12,0.2,inf,0.09376941734083638,1,0.19754326375143552,1.234645398446472,0.2970174260799437,0.7029825739200564,1.6666666666666667,2,0.1346153846153846,0.9386212535309747,0.84,0.8024567362485645,0.955305638391148,0.05098156826925477,2
0.65,0.02,0.12,0.2,1.25,0.09376941734083638,1,0.19754326375143552,1.234645398446472,0.2970174260799437,0.7029825739200564,1.6666666666666667,2,0.1346153846153846,0.9386212535309747,0.84,0.8024567362485645,0.955305638391148,0.05098156826925477,2
0.65,0.02,0.12,0.2,1.5,0.09376941734083638,1,0.19754326375143552,1.234645398446472,0.2970174260799437,0.7029825739200564,1.6666666666666667,2,0.1346153846153846,0.9386212535309747,0.84,0.8024567362485645,0.955305638391148,0.05098156826925477,2
0.6,0.005,0.5,0.02,inf,0.1137800903027822,1,0.15455365994204331,0.9659603746377708,0.16087337533626622,0.8391266246637338,4.0,4,0.32478632478632474,0.986003226955813,0.84,0.8454463400579567,1.006483738164234,0.0486349600493706,2
0.6,0.005,0.5,0.02,1.25,0.1137800903027822,1,0.15455365994204331,0.9659603746377708,0.16087337533626622,0.8391266246637338,4.0,4,0.32478632478632474,0.986003226955813,0.84,0.8454463400579567,1.006483738164234,0.0486349600493706,2
0.6,0.005,0.5,0.02,1.5,0.1137800903027822,1,0.15455365994204331,0.9659603746377708,0.16087337533626622,0.8391266246637338,4.0,4,0.32478632478632474,0.986003226955813,0.84,0.8454463400579567,1.006483738164234,0.0486349600493706,2
0.6,0.005,0.5,0.05,inf,0.1137800903027822,1,0.15455365994204331,0.9659603746377708,0.16087337533626622,0.8391266246637338,4.0,4,0.32478632478632474,0.986003226955813,0.84,0.8454463400579567,1.006483738164234,0.0486349600493706,2
0.6,0.005,0.5,0.05,1.25,0.1137800903027822,1,0.15455365994204331,0.9659603746377708,0.16087337533626622,0.8391266246637338,4.0,4,0.32478632478632474,0.986003226955813,0.84,0.8454463400579567,1.006483738164234,0.0486349600493706,2
0.6,0.005,0.5,0.05,1.5,0.1137800903027822,1,0.15455365994204331,0.9659603746377708,0.16087337533626622,0.8391266246637338,4.0,4,0.32478632478632474,0.986003226955813,0.84,0.8454463400579567,1.006483738164234,0.0486349600493706,2
0.6,0.005,0.5,0.1,inf,0.1137800903027822,1,0.15455365994204331,0.9659603746377708,0.16087337533626622,0.8391266246637338,4.0,4,0.32478632478632474,0.986003226955813,0.84,0.8454463400579567,1.006483738164234,0.0486349600493706,2
0.6,0.005,0.5,0.1,1.25,0.1137800903027822,1,0.15455365994204331,0.9659603746377708,0.16087337533626622,0.8391266246637338,4.0,4,0.32478632478632474,0.986003226955813,0.84,0.8454463400579567,1.006483738164234,0.0486349600493706,2
0.6,0.005,0.5,0.1,1.5,0.1137800903027822,1,0.15455365994204331,0.9659603746377708,0.16087337533626622,0.8391266246637338,4.0,4,0.32478632478632474,0.986003226955813,0.84,0.8454463400579567,1.006483738164234,0.0486349600493706,2
0.6,0.005,0.5,0.2,inf,0.1137800903027822,1,0.15455365994204331,0.9659603746377708,0.16087337533626622,0.8391266246637338,4.0,4,0.32478632478632474,0.986003226955813,0.84,0.8454463400579567,1.006483738164234,0.0486349600493706,2
0.6,0.005,0.5,0.2,1.25,0.1137800903027822,1,0.15455365994204331,0.9659603746377708,0.16087337533626622,0.8391266246637338,4.0,4,0.32478632478632474,0.986003226955813,0.84,0.8454463400579567,1.006483738164234,0.0486349600493706,2
0.6,0.005,0.5,0.2,1.5,0.1137800903027822,1,0.15455365994204331,0.9659603746377708,0.16087337533626622,0.8391266246637338,4.0,4,0.32478632478632474,0.986003226955813,0.84,0.8454463400579567,1.006483738164234,0.0486349600493706,2
0.6,0.005,0.3,0.02,inf,0.1137800903027822,1,0.15455365994204331,0.9659603746377708,0.16087337533626622,0.8391266246637338,4.0,4,0.32478632478632474,0.986003226955813,0.84,0.8454463400579567,1.006483738164234,0.0486349600493706,2
0.6,0.005,0.3,0.02,1.25,0.1137800903027822,1,0.15455365994204331,0.9659603746377708,0.16087337533626622,0.8391266246637338,4.0,4,0.32478632478632474,0.986003226955813,0.84,0.8454463400579567,1.006483738164234,0.0486349600493706,2
0.6,0.005,0.3,0.02,1.5,0.1137800903027822,1,0.15455365994204331,0.9659603746377708,0.16087337533626622,0.8391266246637338,4.0,4,0.32478632478632474,0.986003226955813,0.84,0.8454463400579567,1.006483738164234,0.0486349600493706,2
0.6,0.005,0.3,0.05,inf,0.1137800903027822,1,0.15455365994204331,0.9659603746377708,0.16087337533626622,0.8391266246637338,4.0,4,0.32478632478632474,0.986003226955813,0.84,0.8454463400579567,1.006483738164234,0.0486349600493706,2
0.6,0.005,0.3,0.05,1.25,0.1137800903027822,1,0.15455365994204331,0.9659603746377708,0.16087337533626622,0.8391266246637338,4.0,4,0.32478632478632474,0.986003226955813,0.84,0.8454463400579567,1.006483738164234,0.0486349600493706,2
0.6,0.005,0.3,0.05,1.5,0.1137800903027822,1,0.15455365994204331,0.9659603746377708,0.16087337533626622,0.8391266246637338,4.0,4,0.32478632478632474,0.986003226955813,0.84,0.8454463400579567,1.006483738164234,0.0486349600493706,2
0.6,0.005,0.3,0.1,inf,0.1137800903027822,1,0.15455365994204331,0.9659603746377708,0.16087337533626622,0.8391266246637338,4.0,4,0.32478632478632474,0.986003226955813,0.84,0.8454463400579567,1.006483738164234,0.0486349600493706,2
0.6,0.005,0.3,0.1,1.25,0.1137800903027822,1,0.15455365994204331,0.9659603746377708,0.16087337533626622,0.8391266246637338,4.0,4,0.32478632478632474,0.986003226955813,0.84,0.8454463400579567,1.006483738164234,0.0486349600493706,2
0.6,0.005,0.3,0.1,1.5,0.1137800903027822,1,0.15455365994204331,0.9659603746377708,0.16087337533626622,0.8391266246637338,4.0,4,0.32478632478632474,0.986003226955813,0.84,0.8454463400579567,1.006483738164234,0.0486349600493706,2
0.6,0.005,0.3,0.2,inf,0.1137800903027822,1,0.15455365994204331,0.9659603746377708,0.16087337533626622,0.8391266246637338,4.0,4,0.32478632478632474,0.986003226955813,0.84,0.8454463400579567,1.006483738164234,0.0486349600493706,2
0.6,0.005,0.3,0.2,1.25,0.1137800903027822,1,0.15455365994204331,0.9659603746377708,0.16087337533626622,0.8391266246637338,4.0,4,0.32478632478632474,0.986003226955813,0.84,0.8454463400579567,1.006483738164234,0.0486349600493706,2
0.6,0.005,0.3,0.2,1.5,0.1137800903027822,1,0.15455365994204331,0.9659603746377708,0.16087337533626622,0.8391266246637338,4.0,4,0.32478632478632474,0.986003226955813,0.84,0.8454463400579567,1.006483738164234,0.0486349600493706,2
0.6,0.005,0.2,0.02,inf,0.1137800903027822,1,0.15455365994204331,0.9659603746377708,0.16087337533626622,0.8391266246637338,4.0,4,0.32478632478632474,0.986003226955813,0.84,0.8454463400579567,1.006483738164234,0.0486349600493706,2
0.6,0.005,0.2,0.02,1.25,0.1137800903027822,1,0.15455365994204331,0.9659603746377708,0.16087337533626622,0.8391266246637338,4.0,4,0.32478632478632474,0.986003226955813,0.84,0.8454463400579567,1.006483738164234,0.0486349600493706,2
0.6,0.005,0.2,0.02,1.5,0.1137800903027822,1,0.15455365994204331,0.9659603746377708,0.16087337533626622,0.8391266246637338,4.0,4,0.32478632478632474,0.986003226955813,0.84,0.8454463400579567,1.006483738164234,0.0486349600493706,2
0.6,0.005,0.2,0.05,inf,0.1137800903027822,1,0.15455365994204331,0.9659603746377708,0.16087337533626622,0.8391266246637338,4.0,4,0.32478632478632474,0.986003226955813,0.84,0.8454463400579567,1.006483738164234,0.0486349600493706,2
0.6,0.005,0.2,0.05,1.25,0.1137800903027822,1,0.15455365994204331,0.9659603746377708,0.16087337533626622,0.8391266246637338,4.0,4,0.32478632478632474,0.986003226955813,0.84,0.8454463400579567,1.006483738164234,0.0486349600493706,2
0.6,0.005,0.2,0.05,1.5,0.1137800903027822,1,0.15455365994204331,0.9659603746377708,0.16087337533626622,0.8391266246637338,4.0,4,0.32478632478632474,0.986003226955813,0.84,0.8454463400579567,1.006483738164234,0.0486349600493706,2
0.6,0.005,0.2,0.1,inf,0.1137800903027822,1,0.15455365994204331,0.9659603746377708,0.16087337533626622,0.8391266246637338,4.0,4,0.32478632478632474,0.986003226955813,0.84,0.8454463400579567,1.006483738164234,0.0486349600493706,2
0.6,0.005,0.2,0.1,1.25,0.1137800903027822,1,0.15455365994204331,0.9659603746377708,0.16087337533626622,0.8391266246637338,4.0,4,0.32478632478632474,0.986003226955813,0.84,0.8454463400579567,1.006483738164234,0.0486349600493706,2
0.6,0.005,0.2,0.1,1.5,0.1137800903027822,1,0.15455365994204331,0.9659603746377708,0.16087337533626622,0.8391266246637338,4.0,4,0.32478632478632474,0.986003226955813,0.84,0.8454463400579567,1.006483738164234,0.0486349600493706,2
0.6,0.005,0.2,0.2,inf,0.1137800903027822,1,0.15455365994204331,0.9659603746377708,0.16087337533626622,0.8391266246637338,4.0,4,0.32478632478632474,0.986003226955813,0.84,0.8454463400579567,1.006483738164234,0.0486349600493706,2
0.6,0.005,0.2,0.2,1.25,0.1137800903027822,1,0.15455365994204331,0.9659603746377708,0.16087337533626622,0.8391266246637338,4.0,4,0.32478632478632474,0.986003226955813,0.84,0.8454463400579567,1.006483738164234,0.0486349600493706,2
0.6,0.005,0.2,0.2,1.5,0.1137800903027822,1,0.15455365994204331,0.9659603746377708,0.16087337533626622,0.8391266246637338,4.0,4,0.32478632478632474,0.986003226955813,0.84,0.8454463400579567,1.006483738164234,0.0486349600493706,2
0.6,0.005,0.12,0.02,inf,0.1137800903027822,1,0.15455365994204331,0.9659603746377708,0.16087337533626622,0.8391266246637338,4.0,4,0.32478632478632474,0.986003226955813,0.84,0.8454463400579567,1.006483738164234,0.0486349600493706,2
0.6,0.005,0.12,0.02,1.25,0.1137800903027822,1,0.15455365994204331,0.9659603746377708,0.16087337533626622,0.8391266246637338,4.0,4,0.32478632478632474,0.986003226955813,0.84,0.8454463400579567,1.006483738164234,0.0486349600493706,2
0.6,0.005,0.12,0.02,1.5,0.1137800903027822,1,0.15455365994204331,0.9659603746377708,0.16087337533626622,0.8391266246637338,4.0,4,0.32478632478632474,0.986003226955813,0.84,0.8454463400579567,1.006483738164234,0.0486349600493706,2
0.6,0.005,0.12,0.05,inf,0.1137800903027822,1,0.15455365994204331,0.9659603746377708,0.16087337533626622,0.8391266246637338,4.0,4,0.32478632478632474,0.986003226955813,0.84,0.8454463400579567,1.006483738164234,0.0486349600493706,2
0.6,0.005,0.12,0.05,1.25,0.1137800903027822,1,0.15455365994204331,0.9659603746377708,0.16087337533626622,0.8391266246637338,4.0,4,0.32478632478632474,0.986003226955813,0.84,0.8454463400579567,1.006483738164234,0.0486349600493706,2
0.6,0.005,0.12,0.05,1.5,0.1137800903027822,1,0.15455365994204331,0.9659603746377708,0.16087337533626622,0.8391266246637338,4.0,4,0.32478632478632474,0.986003226955813,0.84,0.8454463400579567,1.006483738164234,0.0486349600493706,2
0.6,0.005,0.12,0.1,inf,0.1137800903027822,1,0.15455365994204331,0.9659603746377708,0.16087337533626622,0.8391266246637338,4.0,4,0.32478632478632474,0.986003226955813,0.84,0.8454463400579567,1.006483738164234,0.0486349600493706,2
0.6,0.005,0.12,0.1,1.25,0.1137800903027822,1,0.15455365994204331,0.9659603746377708,0.16087337533626622,0.8391266246637338,4.0,4,0.32478632478632474,0.986003226955813,0.84,0.8454463400579567,1.006483738164234,0.0486349600493706,2
0.6,0.005,0.12,0.1,1.5,0.1137800903027822,1,0.15455365994204331,0.9659603746377708,0.16087337533626622,0.8391266246637338,4.0,4,0.32478632478632474,0.986003226955813,0.84,0.8454463400579567,1.006483738164234,0.0486349600493706,2
0.6,0.005,0.12,0.2,inf,0.1137800903027822,1,0.15455365994204331,0.9659603746377708,0.16087337533626622,0.8391266246637338,4.0,4,0.32478632478632474,0.986003226955813,0.84,0.8454463400579567,1.006483738164234,0.0486349600493706,2
0.6,0.005,0.12,0.2,1.25,0.1137800903027822,1,0.15455365994204331,0.9659603746377708,0.16087337533626622,0.8391266246637338,4.0,4,0.32478632478632474,0.986003226955813,0.84,0.8454463400579567,1.006483738164234,0.0486349600493706,2
0.6,0.005,0.12,0.2,1.5,0.1137800903027822,1,0.15455365994204331,0.9659603746377708,0.16087337533626622,0.8391266246637338,4.0,4,0.32478632478632474,0.986003226955813,0.84,0.8454463400579567,1.006483738164234,0.0486349600493706,2
0.55,0.01,0.5,0.02,inf,0.12683240193774828,1,0.2291690357009145,1.4323064731307156,0.2324029408321377,0.7675970591678623,2.3333333333333335,3,0.19017094017094016,0.8607723340820533,0.84,0.7708309642990855,0.9176559098798637,0.04313825007398481,0
0.55,0.01,0.5,0.02,1.25,0.12683240193774828,1,0.2291690357009145,1.4323064731307156,0.2324029408321377,0.7675970591678623,2.3333333333333335,3,0.19017094017094016,0.8607723340820533,0.84,0.7708309642990855,0.9176559098798637,0.04313825007398481,0
0.55,0.01,0.5,0.02,1.5,0.12683240193774828,1,0.2291690357009145,1.4323064731307156,0.2324029408321377,0.7675970591678623,2.3333333333333335,3,0.19017094017094016,0.8607723340820533,0.84,0.7708309642990855,0.9176559098798637,0.04313825007398481,0
0.55,0.01,0.5,0.05,inf,0.12683240193774828,1,0.2291690357009145,1.4323064731307156,0.2324029408321377,0.7675970591678623,2.3333333333333335,3,0.19017094017094016,0.8607723340820533,0.84,0.7708309642990855,0.9176559098798637,0.04313825007398481,0
0.55,0.01,0.5,0.05,1.25,0.12683240193774828,1,0.2291690357009145,1.4323064731307156,0.2324029408321377,0.7675970591678623,2.3333333333333335,3,0.19017094017094016,0.8607723340820533,0.84,0.7708309642990855,0.9176559098798637,0.04313825007398481,0
0.55,0.01,0.5,0.05,1.5,0.12683240193774828,1,0.2291690357009145,1.4323064731307156,0.2324029408321377,0.7675970591678623,2.3333333333333335,3,0.19017094017094016,0.8607723340820533,0.84,0.7708309642990855,0.9176559098798637,0.04313825007398481,0
0.55,0.01,0.5,0.1,inf,0.12683240193774828,1,0.2291690357009145,1.4323064731307156,0.2324029408321377,0.7675970591678623,2.3333333333333335,3,0.19017094017094016,0.8607723340820533,0.84,0.7708309642990855,0.9176559098798637,0.04313825007398481,0
0.55,0.01,0.5,0.1,1.25,0.12683240193774828,1,0.2291690357009145,1.4323064731307156,0.2324029408321377,0.7675970591678623,2.3333333333333335,3,0.19017094017094016,0.8607723340820533,0.84,0.7708309642990855,0.9176559098798637,0.04313825007398481,0
0.55,0.01,0.5,0.1,1.5,0.12683240193774828,1,0.2291690357009145,1.4323064731307156,0.2324029408321377,0.7675970591678623,2.3333333333333335,3,0.19017094017094016,0.8607723340820533,0.84,0.7708309642990855,0.9176559098798637,0.04313825007398481,0
0.55,0.01,0.5,0.2,inf,0.12683240193774828,1,0.2291690357009145,1.4323064731307156,0.2324029408321377,0.7675970591678623,2.3333333333333335,3,0.19017094017094016,0.8607723340820533,0.84,0.7708309642990855,0.9176559098798637,0.04313825007398481,0
0.55,0.01,0.5,0.2,1.25,0.12683240193774828,1,0.2291690357009145,1.4323064731307156,0.2324029408321377,0.7675970591678623,2.3333333333333335,3,0.19017094017094016,0.8607723340820533,0.84,0.7708309642990855,0.9176559098798637,0.04313825007398481,0
0.55,0.01,0.5,0.2,1.5,0.12683240193774828,1,0.2291690357009145,1.4323064731307156,0.2324029408321377,0.7675970591678623,2.3333333333333335,3,0.19017094017094016,0.8607723340820533,0.84,0.7708309642990855,0.9176559098798637,0.04313825007398481,0
0.55,0.01,0.3,0.02,inf,0.12683240193774828,1,0.2291690357009145,1.4323064731307156,0.2324029408321377,0.7675970591678623,2.3333333333333335,3,0.19017094017094016,0.8607723340820533,0.84,0.7708309642990855,0.9176559098798637,0.04313825007398481,0
0.55,0.01,0.3,0.02,1.25,0.12683240193774828,1,0.2291690357009145,1.4323064731307156,0.2324029408321377,0.7675970591678623,2.3333333333333335,3,0.19017094017094016,0.8607723340820533,0.84,0.7708309642990855,0.9176559098798637,0.04313825007398481,0
0.55,0.01,0.3,0.02,1.5,0.12683240193774828,1,0.2291690357009145,1.4323064731307156,0.2324029408321377,0.7675970591678623,2.3333333333333335,3,0.19017094017094016,0.8607723340820533,0.84,0.7708309642990855,0.9176559098798637,0.04313825007398481,0
0.55,0.01,0.3,0.05,inf,0.12683240193774828,1,0.2291690357009145,1.4323064731307156,0.2324029408321377,0.7675970591678623,2.3333333333333335,3,0.19017094017094016,0.8607723340820533,0.84,0.7708309642990855,0.9176559098798637,0.04313825007398481,0
0.55,0.01,0.3,0.05,1.25,0.12683240193774828,1,0.2291690357009145,1.4323064731307156,0.2324029408321377,0.7675970591678623,2.3333333333333335,3,0.19017094017094016,0.8607723340820533,0.84,0.7708309642990855,0.9176559098798637,0.04313825007398481,0
0.55,0.01,0.3,0.05,1.5,0.12683240193774828,1,0.2291690357009145,1.4323064731307156,0.2324029408321377,0.7675970591678623,2.3333333333333335,3,0.19017094017094016,0.8607723340820533,0.84,0.7708309642990855,0.9176559098798637,0.04313825007398481,0
0.55,0.01,0.3,0.1,inf,0.12683240193774828,1,0.2291690357009145,1.4323064731307156,0.2324029408321377,0.7675970591678623,2.3333333333333335,3,0.19017094017094016,0.8607723340820533,0.84,0.7708309642990855,0.9176559098798637,0.04313825007398481,0
0.55,0.01,0.3,0.1,1.25,0.12683240193774828,1,0.2291690357009145,1.4323064731307156,0.2324029408321377,0.7675970591678623,2.3333333333333335,3,0.19017094017094016,0.8607723340820533,0.84,0.7708309642990855,0.9176559098798637,0.04313825007398481,0
0.55,0.01,0.3,0.1,1.5,0.12683240193774828,1,0.2291690357009145,1.4323064731307156,0.2324029408321377,0.7675970591678623,2.3333333333333335,3,0.19017094017094016,0.8607723340820533,0.84,0.7708309642990855,0.9176559098798637,0.04313825007398481,0
0.55,0.01,0.3,0.2,inf,0.12683240193774828,1,0.2291690357009145,1.4323064731307156,0.2324029408321377,0.7675970591678623,2.3333333333333335,3,0.19017094017094016,0.8607723340820533,0.84,0.7708309642990855,0.9176559098798637,0.04313825007398481,0
0.55,0.01,0.3,0.2,1.25,0.12683240193774828,1,0.2291690357009145,1.4323064731307156,0.2324029408321377,0.7675970591678623,2.3333333333333335,3,0.19017094017094016,0.8607723340820533,0.84,0.7708309642990855,0.9176559098798637,0.04313825007398481,0
0.55,0.01,0.3,0.2,1.5,0.12683240193774828,1,0.2291690357009145,1.4323064731307156,0.2324029408321377,0.7675970591678623,2.3333333333333335,3,0.19017094017094016,0.8607723340820533,0.84,0.7708309642990855,0.9176559098798637,0.04313825007398481,0
0.55,0.01,0.2,0.02,inf,0.12683240193774828,1,0.2291690357009145,1.4323064731307156,0.2324029408321377,0.7675970591678623,2.3333333333333335,3,0.19017094017094016,0.8607723340820533,0.84,0.7708309642990855,0.9176559098798637,0.04313825007398481,0
0.55,0.01,0.2,0.02,1.25,0.12683240193774828,1,0.2291690357009145,1.4323064731307156,0.2324029408321377,0.7675970591678623,2.3333333333333335,3,0.19017094017094016,0.8607723340820533,0.84,0.7708309642990855,0.9176559098798637,0.04313825007398481,0
0.55,0.01,0.2,0.02,1.5,0.12683240193774828,1,0.2291690357009145,1.4323064731307156,0.2324029408321377,0.7675970591678623,2.3333333333333335,3,0.19017094017094016,0.8607723340820533,0.84,0.7708309642990855,0.9176559098798637,0.04313825007398481,0
0.55,0.01,0.2,0.05,inf,0.12683240193774828,1,0.2291690357009145,1.4323064731307156,0.2324029408321377,0.7675970591678623,2.3333333333333335,3,0.19017094017094016,0.8607723340820533,0.84,0.7708309642990855,0.9176559098798637,0.04313825007398481,0
0.55,0.01,0.2,0.05,1.25,0.12683240193774828,1,0.2291690357009145,1.4323064731307156,0.2324029408321377,0.7675970591678623,2.3333333333333335,3,0.19017094017094016,0.8607723340820533,0.84,0.7708309642990855,0.9176559098798637,0.04313825007398481,0
0.55,0.01,0.2,0.05,1.5,0.12683240193774828,1,0.2291690357009145,1.4323064731307156,0.2324029408321377,0.7675970591678623,2.3333333333333335,3,0.19017094017094016,0.8607723340820533,0.84,0.7708309642990855,0.9176559098798637,0.04313825007398481,0
0.55,0.01,0.2,0.1,inf,0.12683240193774828,1,0.2291690357009145,1.4323064731307156,0.2324029408321377,0.7675970591678623,2.3333333333333335,3,0.19017094017094016,0.8607723340820533,0.84,0.7708309642990855,0.9176559098798637,0.04313825007398481,0
0.55,0.01,0.2,0.1,1.25,0.12683240193774828,1,0.2291690357009145,1.4323064731307156,0.2324029408321377,0.7675970591678623,2.3333333333333335,3,0.19017094017094016,0.8607723340820533,0.84,0.7708309642990855,0.9176559098798637,0.04313825007398481,0
0.55,0.01,0.2,0.1,1.5,0.12683240193774828,1,0.2291690357009145,1.4323064731307156,0.2324029408321377,0.7675970591678623,2.3333333333333335,3,0.19017094017094016,0.8607723340820533,0.84,0.7708309642990855,0.9176559098798637,0.04313825007398481,0
0.55,0.01,0.2,0.2,inf,0.12683240193774828,1,0.2291690357009145,1.4323064731307156,0.2324029408321377,0.7675970591678623,2.3333333333333335,3,0.19017094017094016,0.8607723340820533,0.84,0.7708309642990855,0.9176559098798637,0.04313825007398481,0
0.55,0.01,0.2,0.2,1.25,0.12683240193774828,1,0.2291690357009145,1.4323064731307156,0.2324029408321377,0.7675970591678623,2.3333333333333335,3,0.19017094017094016,0.8607723340820533,0.84,0.7708309642990855,0.9176559098798637,0.04313825007398481,0
0.55,0.01,0.2,0.2,1.5,0.12683240193774828,1,0.2291690357009145,1.4323064731307156,0.2324029408321377,0.7675970591678623,2.3333333333333335,3,0.19017094017094016,0.8607723340820533,0.84,0.7708309642990855,0.9176559098798637,0.04313825007398481,0
0.55,0.01,0.12,0.02,inf,0.12683240193774828,1,0.2291690357009145,1.4323064731307156,0.2324029408321377,0.7675970591678623,2.3333333333333335,3,0.19017094017094016,0.8607723340820533,0.84,0.7708309642990855,0.9176559098798637,0.04313825007398481,0
0.55,0.01,0.12,0.02,1.25,0.12683240193774828,1,0.2291690357009145,1.4323064731307156,0.2324029408321377,0.7675970591678623,2.3333333333333335,3,0.19017094017094016,0.8607723340820533,0.84,0.7708309642990855,0.9176559098798637,0.04313825007398481,0
0.55,0.01,0.12,0.02,1.5,0.12683240193774828,1,0.2291690357009145,1.4323064731307156,0.2324029408321377,0.7675970591678623,2.3333333333333335,3,0.19017094017094016,0.8607723340820533,0.84,0.7708309642990855,0.9176559098798637,0.04313825007398481,0
0.55,0.01,0.12,0.05,inf,0.12683240193774828,1,0.2291690357009145,1.4323064731307156,0.2324029408321377,0.7675970591678623,2.3333333333333335,3,0.19017094017094016,0.8607723340820533,0.84,0.7708309642990855,0.9176559098798637,0.04313825007398481,0
0.55,0.01,0.12,0.05,1.25,0.12683240193774828,1,0.2291690357009145,1.4323064731307156,0.2324029408321377,0.7675970591678623,2.3333333333333335,3,0.19017094017094016,0.8607723340820533,0.84,0.7708309642990855,0.9176559098798637,0.04313825007398481,0
0.55,0.01,0.12,0.05,1.5,0.12683240193774828,1,0.2291690357009145,1.4323064731307156,0.2324029408321377,0.7675970591678623,2.3333333333333335,3,0.19017094017094016,0.8607723340820533,0.84,0.7708309642990855,0.9176559098798637,0.04313825007398481,0
0.55,0.01,0.12,0.1,inf,0.12683240193774828,1,0.2291690357009145,1.4323064731307156,0.2324029408321377,0.7675970591678623,2.3333333333333335,3,0.19017094017094016,0.8607723340820533,0.84,0.7708309642990855,0.9176559098798637,0.04313825007398481,0
0.55,0.01,0.12,0.1,1.25,0.12683240193774828,1,0.2291690357009145,1.4323064731307156,0.2324029408321377,0.7675970591678623,2.3333333333333335,3,0.19017094017094016,0.8607723340820533,0.84,0.7708309642990855,0.9176559098798637,0.04313825007398481,0
0.55,0.01,0.12,0.1,1.5,0.12683240193774828,1,0.2291690357009145,1.4323064731307156,0.2324029408321377,0.7675970591678623,2.3333333333333335,3,0.19017094017094016,0.8607723340820533,0.84,0.7708309642990855,0.9176559098798637,0.04313825007398481,0
0.55,0.01,0.12,0.2,inf,0.12683240193774828,1,0.2291690357009145,1.4323064731307156,0.2324029408321377,0.7675970591678623,2.3333333333333335,3,0.19017094017094016,0.8607723340820533,0.84,0.7708309642990855,0.9176559098798637,0.04313825007398481,0
0.55,0.01,0.12,0.2,1.25,0.12683240193774828,1,0.2291690357009145,1.4323064731307156,0.2324029408321377,0.7675970591678623,2.3333333333333335,3,0.19017094017094016,0.8607723340820533,0.84,0.7708309642990855,0.9176559098798637,0.04313825007398481,0
0.55,0.01,0.12,0.2,1.5,0.12683240193774828,1,0.2291690357009145,1.4323064731307156,0.2324029408321377,0.7675970591678623,2.3333333333333335,3,0.19017094017094016,0.8607723340820533,0.84,0.7708309642990855,0.9176559098798637,0.04313825007398481,0
0.65,0.025,0.5,0.02,inf,0.184154904337315,1,0.25533930976525937,1.595870686032871,0.31914257023153175,0.6808574297684682,1.6666666666666667,2,0.1346153846153846,0.8991185892510427,0.84,0.7446606902347406,0.8865008217080246,0.05004722366293707,1
0.65,0.025,0.5,0.02,1.25,0.184154904337315,1,0.25533930976525937,1.595870686032871,0.31914257023153175,0.6808574297684682,1.6666666666666667,2,0.1346153846153846,0.8991185892510427,0.84,0.7446606902347406,0.8865008217080246,0.05004722366293707,1
0.65,0.025,0.5,0.02,1.5,0.184154904337315,1,0.25533930976525937,1.595870686032871,0.31914257023153175,0.6808574297684682,1.6666666666666667,2,0.1346153846153846,0.8991185892510427,0.84,0.7446606902347406,0.8865008217080246,0.05004722366293707,1
0.65,0.025,0.5,0.05,inf,0.184154904337315,1,0.25533930976525937,1.595870686032871,0.31914257023153175,0.6808574297684682,1.6666666666666667,2,0.1346153846153846,0.8991185892510427,0.84,0.7446606902347406,0.8865008217080246,0.05004722366293707,1
0.65,0.025,0.5,0.05,1.25,0.184154904337315,1,0.25533930976525937,1.595870686032871,0.31914257023153175,0.6808574297684682,1.6666666666666667,2,0.1346153846153846,0.8991185892510427,0.84,0.7446606902347406,0.8865008217080246,0.05004722366293707,1
0.65,0.025,0.5,0.05,1.5,0.184154904337315,1,0.25533930976525937,1.595870686032871,0.31914257023153175,0.6808574297684682,1.6666666666666667,2,0.1346153846153846,0.8991185892510427,0.84,0.7446606902347406,0.8865008217080246,0.05004722366293707,1
0.65,0.025,0.5,0.1,inf,0.184154904337315,1,0.25533930976525937,1.595870686032871,0.31914257023153175,0.6808574297684682,1.6666666666666667,2,0.1346153846153846,0.8991185892510427,0.84,0.7446606902347406,0.8865008217080246,0.05004722366293707,1
0.65,0.025,0.5,0.1,1.25,0.184154904337315,1,0.25533930976525937,1.595870686032871,0.31914257023153175,0.6808574297684682,1.6666666666666667,2,0.1346153846153846,0.8991185892510427,0.84,0.7446606902347406,0.8865008217080246,0.05004722366293707,1
0.65,0.025,0.5,0.1,1.5,0.184154904337315,1,0.25533930976525937,1.595870686032871,0.31914257023153175,0.6808574297684682,1.6666666666666667,2,0.1346153846153846,0.8991185892510427,0.84,0.7446606902347406,0.8865008217080246,0.05004722366293707,1
0.65,0.025,0.5,0.2,inf,0.184154904337315,1,0.25533930976525937,1.595870686032871,0.31914257023153175,0.6808574297684682,1.6666666666666667,2,0.1346153846153846,0.8991185892510427,0.84,0.7446606902347406,0.8865008217080246,0.05004722366293707,1
0.65,0.025,0.5,0.2,1.25,0.184154904337315,1,0.25533930976525937,1.595870686032871,0.31914257023153175,0.6808574297684682,1.6666666666666667,2,0.1346153846153846,0.8991185892510427,0.84,0.7446606902347406,0.8865008217080246,0.05004722366293707,1
0.65,0.025,0.5,0.2,1.5,0.184154904337315,1,0.25533930976525937,1.595870686032871,0.31914257023153175,0.6808574297684682,1.6666666666666667,2,0.1346153846153846,0.8991185892510427,0.84,0.7446606902347406,0.8865008217080246,0.05004722366293707,1
0.65,0.025,0.3,0.02,inf,0.184154904337315,1,0.25533930976525937,1.595870686032871,0.31914257023153175,0.6808574297684682,1.6666666666666667,2,0.1346153846153846,0.8991185892510427,0.84,0.7446606902347406,0.8865008217080246,0.05004722366293707,1
0.65,0.025,0.3,0.02,1.25,0.184154904337315,1,0.25533930976525937,1.595870686032871,0.31914257023153175,0.6808574297684682,1.6666666666666667,2,0.1346153846153846,0.8991185892510427,0.84,0.7446606902347406,0.8865008217080246,0.05004722366293707,1
0.65,0.025,0.3,0.02,1.5,0.184154904337315,1,0.25533930976525937,1.595870686032871,0.31914257023153175,0.6808574297684682,1.6666666666666667,2,0.1346153846153846,0.8991185892510427,0.84,0.7446606902347406,0.8865008217080246,0.05004722366293707,1
0.65,0.025,0.3,0.05,inf,0.184154904337315,1,0.25533930976525937,1.595870686032871,0.31914257023153175,0.6808574297684682,1.6666666666666667,2,0.1346153846153846,0.8991185892510427,0.84,0.7446606902347406,0.8865008217080246,0.05004722366293707,1
0.65,0.025,0.3,0.05,1.25,0.184154904337315,1,0.25533930976525937,1.595870686032871,0.31914257023153175,0.6808574297684682,1.6666666666666667,2,0.1346153846153846,0.8991185892510427,0.84,0.7446606902347406,0.8865008217080246,0.05004722366293707,1
0.65,0.025,0.3,0.05,1.5,0.184154904337315,1,0.25533930976525937,1.595870686032871,0.31914257023153175,0.6808574297684682,1.6666666666666667,2,0.1346153846153846,0.8991185892510427,0.84,0.7446606902347406,0.8865008217080246,0.05004722366293707,1
0.65,0.025,0.3,0.1,inf,0.184154904337315,1,0.25533930976525937,1.595870686032871,0.31914257023153175,0.6808574297684682,1.6666666666666667,2,0.1346153846153846,0.8991185892510427,0.84,0.7446606902347406,0.8865008217080246,0.05004722366293707,1
0.65,0.025,0.3,0.1,1.25,0.184154904337315,1,0.25533930976525937,1.595870686032871,0.31914257023153175,0.6808574297684682,1.6666666666666667,2,0.1346153846153846,0.8991185892510427,0.84,0.7446606902347406,0.8865008217080246,0.05004722366293707,1
0.65,0.025,0.3,0.1,1.5,0.184154904337315,1,0.25533930976525937,1.595870686032871,0.31914257023153175,0.6808574297684682,1.6666666666666667,2,0.1346153846153846,0.8991185892510427,0.84,0.7446606902347406,0.8865008217080246,0.05004722366293707,1
0.65,0.025,0.3,0.2,inf,0.184154904337315,1,0.25533930976525937,1.595870686032871,0.31914257023153175,0.6808574297684682,1.6666666666666667,2,0.1346153846153846,0.8991185892510427,0.84,0.7446606902347406,0.8865008217080246,0.05004722366293707,1
0.65,0.025,0.3,0.2,1.25,0.184154904337315,1,0.25533930976525937,1.595870686032871,0.31914257023153175,0.6808574297684682,1.6666666666666667,2,0.1346153846153846,0.8991185892510427,0.84,0.7446606902347406,0.8865008217080246,0.05004722366293707,1
0.65,0.025,0.3,0.2,1.5,0.184154904337315,1,0.25533930976525937,1.595870686032871,0.31914257023153175,0.6808574297684682,1.6666666666666667,2,0.1346153846153846,0.8991185892510427,0.84,0.7446606902347406,0.8865008217080246,0.05004722366293707,1
0.65,0.025,0.2,0.02,inf,0.184154904337315,1,0.25533930976525937,1.595870686032871,0.31914257023153175,0.6808574297684682,1.6666666666666667,2,0.1346153846153846,0.8991185892510427,0.84,0.7446606902347406,0.8865008217080246,0.05004722366293707,1
0.65,0.025,0.2,0.02,1.25,0.184154904337315,1,0.25533930976525937,1.595870686032871,0.31914257023153175,0.6808574297684682,1.6666666666666667,2,0.1346153846153846,0.8991185892510427,0.84,0.7446606902347406,0.8865008217080246,0.05004722366293707,1
0.65,0.025,0.2,0.02,1.5,0.184154904337315,1,0.25533930976525937,1.595870686032871,0.31914257023153175,0.6808574297684682,1.6666666666666667,2,0.1346153846153846,0.8991185892510427,0.84,0.7446606902347406,0.8865008217080246,0.05004722366293707,1
0.65,0.025,0.2,0.05,inf,0.184154904337315,1,0.25533930976525937,1.595870686032871,0.31914257023153175,0.6808574297684682,1.6666666666666667,2,0.1346153846153846,0.8991185892510427,0.84,0.7446606902347406,0.8865008217080246,0.05004722366293707,1
0.65,0.025,0.2,0.05,1.25,0.184154904337315,1,0.25533930976525937,1.595870686032871,0.31914257023153175,0.6808574297684682,1.6666666666666667,2,0.1346153846153846,0.8991185892510427,0.84,0.7446606902347406,0.8865008217080246,0.05004722366293707,1
0.65,0.025,0.2,0.05,1.5,0.184154904337315,1,0.25533930976525937,1.595870686032871,0.31914257023153175,0.6808574297684682,1.6666666666666667,2,0.1346153846153846,0.8991185892510427,0.84,0.7446606902347406,0.8865008217080246,0.05004722366293707,1
0.65,0.025,0.2,0.1,inf,0.184154904337315,1,0.25533930976525937,1.595870686032871,0.31914257023153175,0.6808574297684682,1.6666666666666667,2,0.1346153846153846,0.8991185892510427,0.84,0.7446606902347406,0.8865008217080246,0.05004722366293707,1
0.65,0.025,0.2,0.1,1.25,0.184154904337315,1,0.25533930976525937,1.595870686032871,0.31914257023153175,0.6808574297684682,1.6666666666666667,2,0.1346153846153846,0.8991185892510427,0.84,0.7446606902347406,0.8865008217080246,0.05004722366293707,1
0.65,0.025,0.2,0.1,1.5,0.184154904337315,1,0.25533930976525937,1.595870686032871,0.31914257023153175,0.6808574297684682,1.6666666666666667,2,0.1346153846153846,0.8991185892510427,0.84,0.7446606902347406,0.8865008217080246,0.05004722366293707,1
0.65,0.025,0.2,0.2,inf,0.184154904337315,1,0.25533930976525937,1.595870686032871,0.31914257023153175,0.6808574297684682,1.6666666666666667,2,0.1346153846153846,0.8991185892510427,0.84,0.7446606902347406,0.8865008217080246,0.05004722366293707,1
0.65,0.025,0.2,0.2,1.25,0.184154904337315,1,0.25533930976525937,1.595870686032871,0.31914257023153175,0.6808574297684682,1.6666666666666667,2,0.1346153846153846,0.8991185892510427,0.84,0.7446606902347406,0.8865008217080246,0.05004722366293707,1
0.65,0.025,0.2,0.2,1.5,0.184154904337315,1,0.25533930976525937,1.595870686032871,0.31914257023153175,0.6808574297684682,1.6666666666666667,2,0.1346153846153846,0.8991185892510427,0.84,0.7446606902347406,0.8865008217080246,0.05004722366293707,1
0.65,0.025,0.12,0.02,inf,0.184154904337315,1,0.25533930976525937,1.595870686032871,0.31914257023153175,0.6808574297684682,1.6666666666666667,2,0.1346153846153846,0.8991185892510427,0.84,0.7446606902347406,0.8865008217080246,0.05004722366293707,1
0.65,0.025,0.12,0.02,1.25,0.184154904337315,1,0.25533930976525937,1.595870686032871,0.31914257023153175,0.6808574297684682,1.6666666666666667,2,0.1346153846153846,0.8991185892510427,0.84,0.7446606902347406,0.8865008217080246,0.05004722366293707,1
0.65,0.025,0.12,0.02,1.5,0.184154904337315,1,0.25533930976525937,1.595870686032871,0.31914257023153175,0.6808574297684682,1.6666666666666667,2,0.1346153846153846,0.8991185892510427,0.84,0.7446606902347406,0.8865008217080246,0.05004722366293707,1
0.65,0.025,0.12,0.05,inf,0.184154904337315,1,0.25533930976525937,1.595870686032871,0.31914257023153175,0.6808574297684682,1.6666666666666667,2,0.1346153846153846,0.8991185892510427,0.84,0.7446606902347406,0.8865008217080246,0.05004722366293707,1
0.65,0.025,0.12,0.05,1.25,0.184154904337315,1,0.25533930976525937,1.595870686032871,0.31914257023153175,0.6808574297684682,1.6666666666666667,2,0.1346153846153846,0.8991185892510427,0.84,0.7446606902347406,0.8865008217080246,0.05004722366293707,1
0.65,0.025,0.12,0.05,1.5,0.184154904337315,1,0.25533930976525937,1.595870686032871,0.31914257023153175,0.6808574297684682,1.6666666666666667,2,0.1346153846153846,0.8991185892510427,0.84,0.7446606902347406,0.8865008217080246,0.05004722366293707,1
0.65,0.025,0.12,0.1,inf,0.184154904337315,1,0.25533930976525937,1.595870686032871,0.31914257023153175,0.6808574297684682,1.6666666666666667,2,0.1346153846153846,0.8991185892510427,0.84,0.7446606902347406,0.8865008217080246,0.05004722366293707,1
0.65,0.025,0.12,0.1,1.25,0.184154904337315,1,0.25533930976525937,1.595870686032871,0.31914257023153175,0.6808574297684682,1.6666666666666667,2,0.1346153846153846,0.8991185892510427,0.84,0.7446606902347406,0.8865008217080246,0.05004722366293707,1
0.65,0.025,0.12,0.1,1.5,0.184154904337315,1,0.25533930976525937,1.595870686032871,0.31914257023153175,0.6808574297684682,1.6666666666666667,2,0.1346153846153846,0.8991185892510427,0.84,0.7446606902347406,0.8865008217080246,0.05004722366293707,1
0.65,0.025,0.12,0.2,inf,0.184154904337315,1,0.25533930976525937,1.595870686032871,0.31914257023153175,0.6808574297684682,1.6666666666666667,2,0.1346153846153846,0.8991185892510427,0.84,0.7446606902347406,0.8865008217080246,0.05004722366293707,1
0.65,0.025,0.12,0.2,1.25,0.184154904337315,1,0.25533930976525937,1.595870686032871,0.31914257023153175,0.6808574297684682,1.6666666666666667,2,0.1346153846153846,0.8991185892510427,0.84,0.7446606902347406,0.8865008217080246,0.05004722366293707,1
0.65,0.025,0.12,0.2,1.5,0.184154904337315,1,0.25533930976525937,1.595870686032871,0.31914257023153175,0.6808574297684682,1.6666666666666667,2,0.1346153846153846,0.8991185892510427,0.84,0.7446606902347406,0.8865008217080246,0.05004722366293707,1
0.55,0.015,0.5,0.02,inf,0.19419197314047168,1,0.24732629244719337,1.5457893277949586,0.2855694230957973,0.7144305769042028,2.0,2,0.16239316239316237,0.7995632859749463,0.84,0.7526737075528066,0.8960401280390554,0.04313825007398481,0
0.55,0.015,0.5,0.02,1.25,0.19419197314047168,1,0.24732629244719337,1.5457893277949586,0.2855694230957973,0.7144305769042028,2.0,2,0.16239316239316237,0.7995632859749463,0.84,0.7526737075528066,0.8960401280390554,0.04313825007398481,0
0.55,0.015,0.5,0.02,1.5,0.19419197314047168,1,0.24732629244719337,1.5457893277949586,0.2855694230957973,0.7144305769042028,2.0,2,0.16239316239316237,0.7995632859749463,0.84,0.7526737075528066,0.8960401280390554,0.04313825007398481,0
0.55,0.015,0.5,0.05,inf,0.19419197314047168,1,0.24732629244719337,1.5457893277949586,0.2855694230957973,0.7144305769042028,2.0,2,0.16239316239316237,0.7995632859749463,0.84,0.7526737075528066,0.8960401280390554,0.04313825007398481,0
0.55,0.015,0.5,0.05,1.25,0.19419197314047168,1,0.24732629244719337,1.5457893277949586,0.2855694230957973,0.7144305769042028,2.0,2,0.16239316239316237,0.7995632859749463,0.84,0.7526737075528066,0.8960401280390554,0.04313825007398481,0
0.55,0.015,0.5,0.05,1.5,0.19419197314047168,1,0.24732629244719337,1.5457893277949586,0.2855694230957973,0.7144305769042028,2.0,2,0.16239316239316237,0.7995632859749463,0.84,0.7526737075528066,0.8960401280390554,0.04313825007398481,0
0.55,0.015,0.5,0.1,inf,0.19419197314047168,1,0.24732629244719337,1.5457893277949586,0.2855694230957973,0.7144305769042028,2.0,2,0.16239316239316237,0.7995632859749463,0.84,0.7526737075528066,0.8960401280390554,0.04313825007398481,0
0.55,0.015,0.5,0.1,1.25,0.19419197314047168,1,0.24732629244719337,1.5457893277949586,0.2855694230957973,0.7144305769042028,2.0,2,0.16239316239316237,0.7995632859749463,0.84,0.7526737075528066,0.8960401280390554,0.04313825007398481,0
0.55,0.015,0.5,0.1,1.5,0.19419197314047168,1,0.24732629244719337,1.5457893277949586,0.2855694230957973,0.7144305769042028,2.0,2,0.16239316239316237,0.7995632859749463,0.84,0.7526737075528066,0.8960401280390554,0.04313825007398481,0
0.55,0.015,0.5,0.2,inf,0.19419197314047168,1,0.24732629244719337,1.5457893277949586,0.2855694230957973,0.7144305769042028,2.0,2,0.16239316239316237,0.7995632859749463,0.84,0.7526737075528066,0.8960401280390554,0.04313825007398481,0
0.55,0.015,0.5,0.2,1.25,0.19419197314047168,1,0.24732629244719337,1.5457893277949586,0.2855694230957973,0.7144305769042028,2.0,2,0.16239316239316237,0.7995632859749463,0.84,0.7526737075528066,0.8960401280390554,0.04313825007398481,0
0.55,0.015,0.5,0.2,1.5,0.19419197314047168,1,0.24732629244719337,1.5457893277949586,0.2855694230957973,0.7144305769042028,2.0,2,0.16239316239316237,0.7995632859749463,0.84,0.7526737075528066,0.8960401280390554,0.04313825007398481,0
0.55,0.015,0.3,0.02,inf,0.19419197314047168,1,0.24732629244719337,1.5457893277949586,0.2855694230957973,0.7144305769042028,2.0,2,0.16239316239316237,0.7995632859749463,0.84,0.7526737075528066,0.8960401280390554,0.04313825007398481,0
0.55,0.015,0.3,0.02,1.25,0.19419197314047168,1,0.24732629244719337,1.5457893277949586,0.2855694230957973,0.7144305769042028,2.0,2,0.16239316239316237,0.7995632859749463,0.84,0.7526737075528066,0.8960401280390554,0.04313825007398481,0
0.55,0.015,0.3,0.02,1.5,0.19419197314047168,1,0.24732629244719337,1.5457893277949586,0.2855694230957973,0.7144305769042028,2.0,2,0.16239316239316237,0.7995632859749463,0.84,0.7526737075528066,0.8960401280390554,0.04313825007398481,0
0.55,0.015,0.3,0.05,inf,0.19419197314047168,1,0.24732629244719337,1.5457893277949586,0.2855694230957973,0.7144305769042028,2.0,2,0.16239316239316237,0.7995632859749463,0.84,0.7526737075528066,0.8960401280390554,0.04313825007398481,0
0.55,0.015,0.3,0.05,1.25,0.19419197314047168,1,0.24732629244719337,1.5457893277949586,0.2855694230957973,0.7144305769042028,2.0,2,0.16239316239316237,0.7995632859749463,0.84,0.7526737075528066,0.8960401280390554,0.04313825007398481,0
0.55,0.015,0.3,0.05,1.5,0.19419197314047168,1,0.24732629244719337,1.5457893277949586,0.2855694230957973,0.7144305769042028,2.0,2,0.16239316239316237,0.7995632859749463,0.84,0.7526737075528066,0.8960401280390554,0.04313825007398481,0
0.55,0.015,0.3,0.1,inf,0.19419197314047168,1,0.24732629244719337,1.5457893277949586,0.2855694230957973,0.7144305769042028,2.0,2,0.16239316239316237,0.7995632859749463,0.84,0.7526737075528066,0.8960401280390554,0.04313825007398481,0
0.55,0.015,0.3,0.1,1.25,0.19419197314047168,1,0.24732629244719337,1.5457893277949586,0.2855694230957973,0.7144305769042028,2.0,2,0.16239316239316237,0.7995632859749463,0.84,0.7526737075528066,0.8960401280390554,0.04313825007398481,0
0.55,0.015,0.3,0.1,1.5,0.19419197314047168,1,0.24732629244719337,1.5457893277949586,0.2855694230957973,0.7144305769042028,2.0,2,0.16239316239316237,0.7995632859749463,0.84,0.7526737075528066,0.8960401280390554,0.04313825007398481,0
0.55,0.015,0.3,0.2,inf,0.19419197314047168,1,0.24732629244719337,1.5457893277949586,0.2855694230957973,0.7144305769042028,2.0,2,0.16239316239316237,0.7995632859749463,0.84,0.7526737075528066,0.8960401280390554,0.04313825007398481,0
0.55,0.015,0.3,0.2,1.25,0.19419197314047168,1,0.24732629244719337,1.5457893277949586,0.2855694230957973,0.7144305769042028,2.0,2,0.16239316239316237,0.7995632859749463,0.84,0.7526737075528066,0.8960401280390554,0.04313825007398481,0
0.55,0.015,0.3,0.2,1.5,0.19419197314047168,1,0.24732629244719337,1.5457893277949586,0.2855694230957973,0.7144305769042028,2.0,2,0.16239316239316237,0.7995632859749463,0.84,0.7526737075528066,0.8960401280390554,0.04313825007398481,0
0.55,0.015,0.2,0.02,inf,0.19419197314047168,1,0.24732629244719337,1.5457893277949586,0.2855694230957973,0.7144305769042028,2.0,2,0.16239316239316237,0.7995632859749463,0.84,0.7526737075528066,0.8960401280390554,0.04313825007398481,0
0.55,0.015,0.2,0.02,1.25,0.19419197314047168,1,0.24732629244719337,1.5457893277949586,0.2855694230957973,0.7144305769042028,2.0,2,0.16239316239316237,0.7995632859749463,0.84,0.7526737075528066,0.8960401280390554,0.04313825007398481,0
0.55,0.015,0.2,0.02,1.5,0.19419197314047168,1,0.24732629244719337,1.5457893277949586,0.2855694230957973,0.7144305769042028,2.0,2,0.16239316239316237,0.7995632859749463,0.84,0.7526737075528066,0.8960401280390554,0.04313825007398481,0
0.55,0.015,0.2,0.05,inf,0.19419197314047168,1,0.24732629244719337,1.5457893277949586,0.2855694230957973,0.7144305769042028,2.0,2,0.16239316239316237,0.7995632859749463,0.84,0.7526737075528066,0.8960401280390554,0.04313825007398481,0
0.55,0.015,0.2,0.05,1.25,0.19419197314047168,1,0.24732629244719337,1.5457893277949586,0.2855694230957973,0.7144305769042028,2.0,2,0.16239316239316237,0.7995632859749463,0.84,0.7526737075528066,0.8960401280390554,0.04313825007398481,0
0.55,0.015,0.2,0.05,1.5,0.19419197314047168,1,0.24732629244719337,1.5457893277949586,0.2855694230957973,0.7144305769042028,2.0,2,0.16239316239316237,0.7995632859749463,0.84,0.7526737075528066,0.8960401280390554,0.04313825007398481,0
0.55,0.015,0.2,0.1,inf,0.19419197314047168,1,0.24732629244719337,1.5457893277949586,0.2855694230957973,0.7144305769042028,2.0,2,0.16239316239316237,0.7995632859749463,0.84,0.7526737075528066,0.8960401280390554,0.04313825007398481,0
0.55,0.015,0.2,0.1,1.25,0.19419197314047168,1,0.24732629244719337,1.5457893277949586,0.2855694230957973,0.7144305769042028,2.0,2,0.16239316239316237,0.7995632859749463,0.84,0.7526737075528066,0.8960401280390554,0.04313825007398481,0
0.55,0.015,0.2,0.1,1.5,0.19419197314047168,1,0.24732629244719337,1.5457893277949586,0.2855694230957973,0.7144305769042028,2.0,2,0.16239316239316237,0.7995632859749463,0.84,0.7526737075528066,0.8960401280390554,0.04313825007398481,0
0.55,0.015,0.2,0.2,inf,0.19419197314047168,1,0.24732629244719337,1.5457893277949586,0.2855694230957973,0.7144305769042028,2.0,2,0.16239316239316237,0.7995632859749463,0.84,0.7526737075528066,0.8960401280390554,0.04313825007398481,0
0.55,0.015,0.2,0.2,1.25,0.19419197314047168,1,0.24732629244719337,1.5457893277949586,0.2855694230957973,0.7144305769042028,2.0,2,0.16239316239316237,0.7995632859749463,0.84,0.7526737075528066,0.8960401280390554,0.04313825007398481,0
0.55,0.015,0.2,0.2,1.5,0.19419197314047168,1,0.24732629244719337,1.5457893277949586,0.2855694230957973,0.7144305769042028,2.0,2,0.16239316239316237,0.7995632859749463,0.84,0.7526737075528066,0.8960401280390554,0.04313825007398481,0
0.55,0.015,0.12,0.02,inf,0.19419197314047168,1,0.24732629244719337,1.5457893277949586,0.2855694230957973,0.7144305769042028,2.0,2,0.16239316239316237,0.7995632859749463,0.84,0.7526737075528066,0.8960401280390554,0.04313825007398481,0
0.55,0.015,0.12,0.02,1.25,0.19419197314047168,1,0.24732629244719337,1.5457893277949586,0.2855694230957973,0.7144305769042028,2.0,2,0.16239316239316237,0.7995632859749463,0.84,0.7526737075528066,0.8960401280390554,0.04313825007398481,0
0.55,0.015,0.12,0.02,1.5,0.19419197314047168,1,0.24732629244719337,1.5457893277949586,0.2855694230957973,0.7144305769042028,2.0,2,0.16239316239316237,0.7995632859749463,0.84,0.7526737075528066,0.8960401280390554,0.04313825007398481,0
0.55,0.015,0.12,0.05,inf,0.19419197314047168,1,0.24732629244719337,1.5457893277949586,0.2855694230957973,0.7144305769042028,2.0,2,0.16239316239316237,0.7995632859749463,0.84,0.7526737075528066,0.8960401280390554,0.04313825007398481,0
0.55,0.015,0.12,0.05,1.25,0.19419197314047168,1,0.24732629244719337,1.5457893277949586,0.2855694230957973,0.7144305769042028,2.0,2,0.16239316239316237,0.7995632859749463,0.84,0.7526737075528066,0.8960401280390554,0.04313825007398481,0
0.55,0.015,0.12,0.05,1.5,0.19419197314047168,1,0.24732629244719337,1.5457893277949586,0.2855694230957973,0.7144305769042028,2.0,2,0.16239316239316237,0.7995632859749463,0.84,0.7526737075528066,0.8960401280390554,0.04313825007398481,0
0.55,0.015,0.12,0.1,inf,0.19419197314047168,1,0.24732629244719337,1.5457893277949586,0.2855694230957973,0.7144305769042028,2.0,2,0.16239316239316237,0.7995632859749463,0.84,0.7526737075528066,0.8960401280390554,0.04313825007398481,0
0.55,0.015,0.12,0.1,1.25,0.19419197314047168,1,0.24732629244719337,1.5457893277949586,0.2855694230957973,0.7144305769042028,2.0,2,0.16239316239316237,0.7995632859749463,0.84,0.7526737075528066,0.8960401280390554,0.04313825007398481,0
0.55,0.015,0.12,0.1,1.5,0.19419197314047168,1,0.24732629244719337,1.5457893277949586,0.2855694230957973,0.7144305769042028,2.0,2,0.16239316239316237,0.7995632859749463,0.84,0.7526737075528066,0.8960401280390554,0.04313825007398481,0
0.55,0.015,0.12,0.2,inf,0.19419197314047168,1,0.24732629244719337,1.5457893277949586,0.2855694230957973,0.7144305769042028,2.0,2,0.16239316239316237,0.7995632859749463,0.84,0.7526737075528066,0.8960401280390554,0.04313825007398481,0
0.55,0.015,0.12,0.2,1.25,0.19419197314047168,1,0.24732629244719337,1.5457893277949586,0.2855694230957973,0.7144305769042028,2.0,2,0.16239316239316237,0.7995632859749463,0.84,0.7526737075528066,0.8960401280390554,0.04313825007398481,0
0.55,0.015,0.12,0.2,1.5,0.19419197314047168,1,0.24732629244719337,1.5457893277949586,0.2855694230957973,0.7144305769042028,2.0,2,0.16239316239316237,0.7995632859749463,0.84,0.7526737075528066,0.8960401280390554,0.04313825007398481,0
0.65,0.03,0.5,0.02,inf,0.2750433018424885,1,0.2829578447650803,1.768486529781752,0.33665230043804595,0.663347699561954,1.3333333333333333,2,0.10683760683760683,0.8096113611819754,0.84,0.7170421552349198,0.8536216133749045,0.04647228649078548,0
0.65,0.03,0.5,0.02,1.25,0.2750433018424885,1,0.2829578447650803,1.768486529781752,0.33665230043804595,0.663347699561954,1.3333333333333333,2,0.10683760683760683,0.8096113611819754,0.84,0.7170421552349198,0.8536216133749045,0.04647228649078548,0
0.65,0.03,0.5,0.02,1.5,0.2750433018424885,1,0.2829578447650803,1.768486529781752,0.33665230043804595,0.663347699561954,1.3333333333333333,2,0.10683760683760683,0.8096113611819754,0.84,0.7170421552349198,0.8536216133749045,0.04647228649078548,0
0.65,0.03,0.5,0.05,inf,0.2750433018424885,1,0.2829578447650803,1.768486529781752,0.33665230043804595,0.663347699561954,1.3333333333333333,2,0.10683760683760683,0.8096113611819754,0.84,0.7170421552349198,0.8536216133749045,0.04647228649078548,0
0.65,0.03,0.5,0.05,1.25,0.2750433018424885,1,0.2829578447650803,1.768486529781752,0.33665230043804595,0.663347699561954,1.3333333333333333,2,0.10683760683760683,0.8096113611819754,0.84,0.7170421552349198,0.8536216133749045,0.04647228649078548,0
0.65,0.03,0.5,0.05,1.5,0.2750433018424885,1,0.2829578447650803,1.768486529781752,0.33665230043804595,0.663347699561954,1.3333333333333333,2,0.10683760683760683,0.8096113611819754,0.84,0.7170421552349198,0.8536216133749045,0.04647228649078548,0
0.65,0.03,0.5,0.1,inf,0.2750433018424885,1,0.2829578447650803,1.768486529781752,0.33665230043804595,0.663347699561954,1.3333333333333333,2,0.10683760683760683,0.8096113611819754,0.84,0.7170421552349198,0.8536216133749045,0.04647228649078548,0
0.65,0.03,0.5,0.1,1.25,0.2750433018424885,1,0.2829578447650803,1.768486529781752,0.33665230043804595,0.663347699561954,1.3333333333333333,2,0.10683760683760683,0.8096113611819754,0.84,0.7170421552349198,0.8536216133749045,0.04647228649078548,0
0.65,0.03,0.5,0.1,1.5,0.2750433018424885,1,0.2829578447650803,1.768486529781752,0.33665230043804595,0.663347699561954,1.3333333333333333,2,0.10683760683760683,0.8096113611819754,0.84,0.7170421552349198,0.8536216133749045,0.04647228649078548,0
0.65,0.03,0.5,0.2,inf,0.2750433018424885,1,0.2829578447650803,1.768486529781752,0.33665230043804595,0.663347699561954,1.3333333333333333,2,0.10683760683760683,0.8096113611819754,0.84,0.7170421552349198,0.8536216133749045,0.04647228649078548,0
0.65,0.03,0.5,0.2,1.25,0.2750433018424885,1,0.2829578447650803,1.768486529781752,0.33665230043804595,0.663347699561954,1.3333333333333333,2,0.10683760683760683,0.8096113611819754,0.84,0.7170421552349198,0.8536216133749045,0.04647228649078548,0
0.65,0.03,0.5,0.2,1.5,0.2750433018424885,1,0.2829578447650803,1.768486529781752,0.33665230043804595,0.663347699561954,1.3333333333333333,2,0.10683760683760683,0.8096113611819754,0.84,0.7170421552349198,0.8536216133749045,0.04647228649078548,0
0.65,0.03,0.3,0.02,inf,0.2750433018424885,1,0.2829578447650803,1.768486529781752,0.33665230043804595,0.663347699561954,1.3333333333333333,2,0.10683760683760683,0.8096113611819754,0.84,0.7170421552349198,0.8536216133749045,0.04647228649078548,0
0.65,0.03,0.3,0.02,1.25,0.2750433018424885,1,0.2829578447650803,1.768486529781752,0.33665230043804595,0.663347699561954,1.3333333333333333,2,0.10683760683760683,0.8096113611819754,0.84,0.7170421552349198,0.8536216133749045,0.04647228649078548,0
0.65,0.03,0.3,0.02,1.5,0.2750433018424885,1,0.2829578447650803,1.768486529781752,0.33665230043804595,0.663347699561954,1.3333333333333333,2,0.10683760683760683,0.8096113611819754,0.84,0.7170421552349198,0.8536216133749045,0.04647228649078548,0
0.65,0.03,0.3,0.05,inf,0.2750433018424885,1,0.2829578447650803,1.768486529781752,0.33665230043804595,0.663347699561954,1.3333333333333333,2,0.10683760683760683,0.8096113611819754,0.84,0.7170421552349198,0.8536216133749045,0.04647228649078548,0
0.65,0.03,0.3,0.05,1.25,0.2750433018424885,1,0.2829578447650803,1.768486529781752,0.33665230043804595,0.663347699561954,1.3333333333333333,2,0.10683760683760683,0.8096113611819754,0.84,0.7170421552349198,0.8536216133749045,0.04647228649078548,0
0.65,0.03,0.3,0.05,1.5,0.2750433018424885,1,0.2829578447650803,1.768486529781752,0.33665230043804595,0.663347699561954,1.3333333333333333,2,0.10683760683760683,0.8096113611819754,0.84,0.7170421552349198,0.8536216133749045,0.04647228649078548,0
0.65,0.03,0.3,0.1,inf,0.2750433018424885,1,0.2829578447650803,1.768486529781752,0.33665230043804595,0.663347699561954,1.3333333333333333,2,0.10683760683760683,0.8096113611819754,0.84,0.7170421552349198,0.8536216133749045,0.04647228649078548,0
0.65,0.03,0.3,0.1,1.25,0.2750433018424885,1,0.2829578447650803,1.768486529781752,0.33665230043804595,0.663347699561954,1.3333333333333333,2,0.10683760683760683,0.8096113611819754,0.84,0.7170421552349198,0.8536216133749045,0.04647228649078548,0
0.65,0.03,0.3,0.1,1.5,0.2750433018424885,1,0.2829578447650803,1.768486529781752,0.33665230043804595,0.663347699561954,1.3333333333333333,2,0.10683760683760683,0.8096113611819754,0.84,0.7170421552349198,0.8536216133749045,0.04647228649078548,0
0.65,0.03,0.3,0.2,inf,0.2750433018424885,1,0.2829578447650803,1.768486529781752,0.33665230043804595,0.663347699561954,1.3333333333333333,2,0.10683760683760683,0.8096113611819754,0.84,0.7170421552349198,0.8536216133749045,0.04647228649078548,0
0.65,0.03,0.3,0.2,1.25,0.2750433018424885,1,0.2829578447650803,1.768486529781752,0.33665230043804595,0.663347699561954,1.3333333333333333,2,0.10683760683760683,0.8096113611819754,0.84,0.7170421552349198,0.8536216133749045,0.04647228649078548,0
0.65,0.03,0.3,0.2,1.5,0.2750433018424885,1,0.2829578447650803,1.768486529781752,0.33665230043804595,0.663347699561954,1.3333333333333333,2,0.10683760683760683,0.8096113611819754,0.84,0.7170421552349198,0.8536216133749045,0.04647228649078548,0
0.65,0.03,0.2,0.02,inf,0.2750433018424885,1,0.2829578447650803,1.768486529781752,0.33665230043804595,0.663347699561954,1.3333333333333333,2,0.10683760683760683,0.8096113611819754,0.84,0.7170421552349198,0.8536216133749045,0.04647228649078548,0
0.65,0.03,0.2,0.02,1.25,0.2750433018424885,1,0.2829578447650803,1.768486529781752,0.33665230043804595,0.663347699561954,1.3333333333333333,2,0.10683760683760683,0.8096113611819754,0.84,0.7170421552349198,0.8536216133749045,0.04647228649078548,0
0.65,0.03,0.2,0.02,1.5,0.2750433018424885,1,0.2829578447650803,1.768486529781752,0.33665230043804595,0.663347699561954,1.3333333333333333,2,0.10683760683760683,0.8096113611819754,0.84,0.7170421552349198,0.8536216133749045,0.04647228649078548,0
0.65,0.03,0.2,0.05,inf,0.2750433018424885,1,0.2829578447650803,1.768486529781752,0.33665230043804595,0.663347699561954,1.3333333333333333,2,0.10683760683760683,0.8096113611819754,0.84,0.7170421552349198,0.8536216133749045,0.04647228649078548,0
0.65,0.03,0.2,0.05,1.25,0.2750433018424885,1,0.2829578447650803,1.768486529781752,0.33665230043804595,0.663347699561954,1.3333333333333333,2,0.10683760683760683,0.8096113611819754,0.84,0.7170421552349198,0.8536216133749045,0.04647228649078548,0
0.65,0.03,0.2,0.05,1.5,0.2750433018424885,1,0.2829578447650803,1.768486529781752,0.33665230043804595,0.663347699561954,1.3333333333333333,2,0.10683760683760683,0.8096113611819754,0.84,0.7170421552349198,0.8536216133749045,0.04647228649078548,0
0.65,0.03,0.2,0.1,inf,0.2750433018424885,1,0.2829578447650803,1.768486529781752,0.33665230043804595,0.663347699561954,1.3333333333333333,2,0.10683760683760683,0.8096113611819754,0.84,0.7170421552349198,0.8536216133749045,0.04647228649078548,0
0.65,0.03,0.2,0.1,1.25,0.2750433018424885,1,0.2829578447650803,1.768486529781752,0.33665230043804595,0.663347699561954,1.3333333333333333,2,0.10683760683760683,0.8096113611819754,0.84,0.7170421552349198,0.8536216133749045,0.04647228649078548,0
0.65,0.03,0.2,0.1,1.5,0.2750433018424885,1,0.2829578447650803,1.768486529781752,0.33665230043804595,0.663347699561954,1.3333333333333333,2,0.10683760683760683,0.8096113611819754,0.84,0.7170421552349198,0.8536216133749045,0.04647228649078548,0
0.65,0.03,0.2,0.2,inf,0.2750433018424885,1,0.2829578447650803,1.768486529781752,0.33665230043804595,0.663347699561954,1.3333333333333333,2,0.10683760683760683,0.8096113611819754,0.84,0.7170421552349198,0.8536216133749045,0.04647228649078548,0
0.65,0.03,0.2,0.2,1.25,0.2750433018424885,1,0.2829578447650803,1.768486529781752,0.33665230043804595,0.663347699561954,1.3333333333333333,2,0.10683760683760683,0.8096113611819754,0.84,0.7170421552349198,0.8536216133749045,0.04647228649078548,0
0.65,0.03,0.2,0.2,1.5,0.2750433018424885,1,0.2829578447650803,1.768486529781752,0.33665230043804595,0.663347699561954,1.3333333333333333,2,0.10683760683760683,0.8096113611819754,0.84,0.7170421552349198,0.8536216133749045,0.04647228649078548,0
0.65,0.03,0.12,0.02,inf,0.2750433018424885,1,0.2829578447650803,1.768486529781752,0.33665230043804595,0.663347699561954,1.3333333333333333,2,0.10683760683760683,0.8096113611819754,0.84,0.7170421552349198,0.8536216133749045,0.04647228649078548,0
0.65,0.03,0.12,0.02,1.25,0.2750433018424885,1,0.2829578447650803,1.768486529781752,0.33665230043804595,0.663347699561954,1.3333333333333333,2,0.10683760683760683,0.8096113611819754,0.84,0.7170421552349198,0.8536216133749045,0.04647228649078548,0
0.65,0.03,0.12,0.02,1.5,0.2750433018424885,1,0.2829578447650803,1.768486529781752,0.33665230043804595,0.663347699561954,1.3333333333333333,2,0.10683760683760683,0.8096113611819754,0.84,0.7170421552349198,0.8536216133749045,0.04647228649078548,0
0.65,0.03,0.12,0.05,inf,0.2750433018424885,1,0.2829578447650803,1.768486529781752,0.33665230043804595,0.663347699561954,1.3333333333333333,2,0.10683760683760683,0.8096113611819754,0.84,0.7170421552349198,0.8536216133749045,0.04647228649078548,0
0.65,0.03,0.12,0.05,1.25,0.2750433018424885,1,0.2829578447650803,1.768486529781752,0.33665230043804595,0.663347699561954,1.3333333333333333,2,0.10683760683760683,0.8096113611819754,0.84,0.7170421552349198,0.8536216133749045,0.04647228649078548,0
0.65,0.03,0.12,0.05,1.5,0.2750433018424885,1,0.2829578447650803,1.768486529781752,0.33665230043804595,0.663347699561954,1.3333333333333333,2,0.10683760683760683,0.8096113611819754,0.84,0.7170421552349198,0.8536216133749045,0.04647228649078548,0
0.65,0.03,0.12,0.1,inf,0.2750433018424885,1,0.2829578447650803,1.768486529781752,0.33665230043804595,0.663347699561954,1.3333333333333333,2,0.10683760683760683,0.8096113611819754,0.84,0.7170421552349198,0.8536216133749045,0.04647228649078548,0
0.65,0.03,0.12,0.1,1.25,0.2750433018424885,1,0.2829578447650803,1.768486529781752,0.33665230043804595,0.663347699561954,1.3333333333333333,2,0.10683760683760683,0.8096113611819754,0.84,0.7170421552349198,0.8536216133749045,0.04647228649078548,0
0.65,0.03,0.12,0.1,1.5,0.2750433018424885,1,0.2829578447650803,1.768486529781752,0.33665230043804595,0.663347699561954,1.3333333333333333,2,0.10683760683760683,0.8096113611819754,0.84,0.7170421552349198,0.8536216133749045,0.04647228649078548,0
0.65,0.03,0.12,0.2,inf,0.2750433018424885,1,0.2829578447650803,1.768486529781752,0.33665230043804595,0.663347699561954,1.3333333333333333,2,0.10683760683760683,0.8096113611819754,0.84,0.7170421552349198,0.8536216133749045,0.04647228649078548,0
0.65,0.03,0.12,0.2,1.25,0.2750433018424885,1,0.2829578447650803,1.768486529781752,0.33665230043804595,0.663347699561954,1.3333333333333333,2,0.10683760683760683,0.8096113611819754,0.84,0.7170421552349198,0.8536216133749045,0.04647228649078548,0
0.65,0.03,0.12,0.2,1.5,0.2750433018424885,1,0.2829578447650803,1.768486529781752,0.33665230043804595,0.663347699561954,1.3333333333333333,2,0.10683760683760683,0.8096113611819754,0.84,0.7170421552349198,0.8536216133749045,0.04647228649078548,0
0.65,0.01,0.5,0.02,inf,10.136392822511356,0,0.14945976469639735,0.9341235293524836,0.15276692891482915,0.8472330710851709,2.3333333333333335,3,0.19017094017094016,1.017276394824245,0.84,0.8505402353036026,1.0125478991709553,0.05098156826925477,3
0.65,0.01,0.5,0.02,1.25,10.136392822511356,0,0.14945976469639735,0.9341235293524836,0.15276692891482915,0.8472330710851709,2.3333333333333335,3,0.19017094017094016,1.017276394824245,0.84,0.8505402353036026,1.0125478991709553,0.05098156826925477,3
0.65,0.01,0.5,0.02,1.5,10.136392822511356,0,0.14945976469639735,0.9341235293524836,0.15276692891482915,0.8472330710851709,2.3333333333333335,3,0.19017094017094016,1.017276394824245,0.84,0.8505402353036026,1.0125478991709553,0.05098156826925477,3
0.65,0.01,0.5,0.05,inf,10.136392822511356,0,0.14945976469639735,0.9341235293524836,0.15276692891482915,0.8472330710851709,2.3333333333333335,3,0.19017094017094016,1.017276394824245,0.84,0.8505402353036026,1.0125478991709553,0.05098156826925477,3
0.65,0.01,0.5,0.05,1.25,10.136392822511356,0,0.14945976469639735,0.9341235293524836,0.15276692891482915,0.8472330710851709,2.3333333333333335,3,0.19017094017094016,1.017276394824245,0.84,0.8505402353036026,1.0125478991709553,0.05098156826925477,3
0.65,0.01,0.5,0.05,1.5,10.136392822511356,0,0.14945976469639735,0.9341235293524836,0.15276692891482915,0.8472330710851709,2.3333333333333335,3,0.19017094017094016,1.017276394824245,0.84,0.8505402353036026,1.0125478991709553,0.05098156826925477,3
0.65,0.01,0.5,0.1,inf,10.136392822511356,0,0.14945976469639735,0.9341235293524836,0.15276692891482915,0.8472330710851709,2.3333333333333335,3,0.19017094017094016,1.017276394824245,0.84,0.8505402353036026,1.0125478991709553,0.05098156826925477,3
0.65,0.01,0.5,0.1,1.25,10.136392822511356,0,0.14945976469639735,0.9341235293524836,0.15276692891482915,0.8472330710851709,2.3333333333333335,3,0.19017094017094016,1.017276394824245,0.84,0.8505402353036026,1.0125478991709553,0.05098156826925477,3
0.65,0.01,0.5,0.1,1.5,10.136392822511356,0,0.14945976469639735,0.9341235293524836,0.15276692891482915,0.8472330710851709,2.3333333333333335,3,0.19017094017094016,1.017276394824245,0.84,0.8505402353036026,1.0125478991709553,0.05098156826925477,3
0.65,0.01,0.5,0.2,inf,10.136392822511356,0,0.14945976469639735,0.9341235293524836,0.15276692891482915,0.8472330710851709,2.3333333333333335,3,0.19017094017094016,1.017276394824245,0.84,0.8505402353036026,1.0125478991709553,0.05098156826925477,3
0.65,0.01,0.5,0.2,1.25,10.136392822511356,0,0.14945976469639735,0.9341235293524836,0.15276692891482915,0.8472330710851709,2.3333333333333335,3,0.19017094017094016,1.017276394824245,0.84,0.8505402353036026,1.0125478991709553,0.05098156826925477,3
0.65,0.01,0.5,0.2,1.5,10.136392822511356,0,0.14945976469639735,0.9341235293524836,0.15276692891482915,0.8472330710851709,2.3333333333333335,3,0.19017094017094016,1.017276394824245,0.84,0.8505402353036026,1.0125478991709553,0.05098156826925477,3
0.65,0.015,0.5,0.02,inf,10.136392822511356,0,0.14945976469639735,0.9341235293524836,0.15276692891482915,0.8472330710851709,2.3333333333333335,3,0.19017094017094016,1.017276394824245,0.84,0.8505402353036026,1.0125478991709553,0.05098156826925477,3
0.65,0.015,0.5,0.02,1.25,10.136392822511356,0,0.14945976469639735,0.9341235293524836,0.15276692891482915,0.8472330710851709,2.3333333333333335,3,0.19017094017094016,1.017276394824245,0.84,0.8505402353036026,1.0125478991709553,0.05098156826925477,3
0.65,0.015,0.5,0.02,1.5,10.136392822511356,0,0.14945976469639735,0.9341235293524836,0.15276692891482915,0.8472330710851709,2.3333333333333335,3,0.19017094017094016,1.017276394824245,0.84,0.8505402353036026,1.0125478991709553,0.05098156826925477,3
0.65,0.015,0.5,0.05,inf,10.136392822511356,0,0.14945976469639735,0.9341235293524836,0.15276692891482915,0.8472330710851709,2.3333333333333335,3,0.19017094017094016,1.017276394824245,0.84,0.8505402353036026,1.0125478991709553,0.05098156826925477,3
0.65,0.015,0.5,0.05,1.25,10.136392822511356,0,0.14945976469639735,0.9341235293524836,0.15276692891482915,0.8472330710851709,2.3333333333333335,3,0.19017094017094016,1.017276394824245,0.84,0.8505402353036026,1.0125478991709553,0.05098156826925477,3
0.65,0.015,0.5,0.05,1.5,10.136392822511356,0,0.14945976469639735,0.9341235293524836,0.15276692891482915,0.8472330710851709,2.3333333333333335,3,0.19017094017094016,1.017276394824245,0.84,0.8505402353036026,1.0125478991709553,0.05098156826925477,3
0.65,0.015,0.5,0.1,inf,10.136392822511356,0,0.14945976469639735,0.9341235293524836,0.15276692891482915,0.8472330710851709,2.3333333333333335,3,0.19017094017094016,1.017276394824245,0.84,0.8505402353036026,1.0125478991709553,0.05098156826925477,3
0.65,0.015,0.5,0.1,1.25,10.136392822511356,0,0.14945976469639735,0.9341235293524836,0.15276692891482915,0.8472330710851709,2.3333333333333335,3,0.19017094017094016,1.017276394824245,0.84,0.8505402353036026,1.0125478991709553,0.05098156826925477,3
0.65,0.015,0.5,0.1,1.5,10.136392822511356,0,0.14945976469639735,0.9341235293524836,0.15276692891482915,0.8472330710851709,2.3333333333333335,3,0.19017094017094016,1.017276394824245,0.84,0.8505402353036026,1.0125478991709553,0.05098156826925477,3
0.65,0.015,0.5,0.2,inf,10.136392822511356,0,0.14945976469639735,0.9341235293524836,0.15276692891482915,0.8472330710851709,2.3333333333333335,3,0.19017094017094016,1.017276394824245,0.84,0.8505402353036026,1.0125478991709553,0.05098156826925477,3
0.65,0.015,0.5,0.2,1.25,10.136392822511356,0,0.14945976469639735,0.9341235293524836,0.15276692891482915,0.8472330710851709,2.3333333333333335,3,0.19017094017094016,1.017276394824245,0.84,0.8505402353036026,1.0125478991709553,0.05098156826925477,3
0.65,0.015,0.5,0.2,1.5,10.136392822511356,0,0.14945976469639735,0.9341235293524836,0.15276692891482915,0.8472330710851709,2.3333333333333335,3,0.19017094017094016,1.017276394824245,0.84,0.8505402353036026,1.0125478991709553,0.05098156826925477,3
0.65,0.01,0.3,0.02,inf,10.136392822511356,0,0.14945976469639735,0.9341235293524836,0.15276692891482915,0.8472330710851709,2.3333333333333335,3,0.19017094017094016,1.017276394824245,0.84,0.8505402353036026,1.0125478991709553,0.05098156826925477,3
0.65,0.01,0.3,0.02,1.25,10.136392822511356,0,0.14945976469639735,0.9341235293524836,0.15276692891482915,0.8472330710851709,2.3333333333333335,3,0.19017094017094016,1.017276394824245,0.84,0.8505402353036026,1.0125478991709553,0.05098156826925477,3
0.65,0.01,0.3,0.02,1.5,10.136392822511356,0,0.14945976469639735,0.9341235293524836,0.15276692891482915,0.8472330710851709,2.3333333333333335,3,0.19017094017094016,1.017276394824245,0.84,0.8505402353036026,1.0125478991709553,0.05098156826925477,3
0.65,0.01,0.3,0.05,inf,10.136392822511356,0,0.14945976469639735,0.9341235293524836,0.15276692891482915,0.8472330710851709,2.3333333333333335,3,0.19017094017094016,1.017276394824245,0.84,0.8505402353036026,1.0125478991709553,0.05098156826925477,3
0.65,0.01,0.3,0.05,1.25,10.136392822511356,0,0.14945976469639735,0.9341235293524836,0.15276692891482915,0.8472330710851709,2.3333333333333335,3,0.19017094017094016,1.017276394824245,0.84,0.8505402353036026,1.0125478991709553,0.05098156826925477,3
0.65,0.01,0.3,0.05,1.5,10.136392822511356,0,0.14945976469639735,0.9341235293524836,0.15276692891482915,0.8472330710851709,2.3333333333333335,3,0.19017094017094016,1.017276394824245,0.84,0.8505402353036026,1.0125478991709553,0.05098156826925477,3
0.65,0.01,0.3,0.1,inf,10.136392822511356,0,0.14945976469639735,0.9341235293524836,0.15276692891482915,0.8472330710851709,2.3333333333333335,3,0.19017094017094016,1.017276394824245,0.84,0.8505402353036026,1.0125478991709553,0.05098156826925477,3
0.65,0.01,0.3,0.1,1.25,10.136392822511356,0,0.14945976469639735,0.9341235293524836,0.15276692891482915,0.8472330710851709,2.3333333333333335,3,0.19017094017094016,1.017276394824245,0.84,0.8505402353036026,1.0125478991709553,0.05098156826925477,3
0.65,0.01,0.3,0.1,1.5,10.136392822511356,0,0.14945976469639735,0.9341235293524836,0.15276692891482915,0.8472330710851709,2.3333333333333335,3,0.19017094017094016,1.017276394824245,0.84,0.8505402353036026,1.0125478991709553,0.05098156826925477,3
0.65,0.01,0.3,0.2,inf,10.136392822511356,0,0.14945976469639735,0.9341235293524836,0.15276692891482915,0.8472330710851709,2.3333333333333335,3,0.19017094017094016,1.017276394824245,0.84,0.8505402353036026,1.0125478991709553,0.05098156826925477,3
0.65,0.01,0.3,0.2,1.25,10.136392822511356,0,0.14945976469639735,0.9341235293524836,0.15276692891482915,0.8472330710851709,2.3333333333333335,3,0.19017094017094016,1.017276394824245,0.84,0.8505402353036026,1.0125478991709553,0.05098156826925477,3
0.65,0.01,0.3,0.2,1.5,10.136392822511356,0,0.14945976469639735,0.9341235293524836,0.15276692891482915,0.8472330710851709,2.3333333333333335,3,0.19017094017094016,1.017276394824245,0.84,0.8505402353036026,1.0125478991709553,0.05098156826925477,3
0.65,0.015,0.3,0.02,inf,10.136392822511356,0,0.14945976469639735,0.9341235293524836,0.15276692891482915,0.8472330710851709,2.3333333333333335,3,0.19017094017094016,1.017276394824245,0.84,0.8505402353036026,1.0125478991709553,0.05098156826925477,3
0.65,0.015,0.3,0.02,1.25,10.136392822511356,0,0.14945976469639735,0.9341235293524836,0.15276692891482915,0.8472330710851709,2.3333333333333335,3,0.19017094017094016,1.017276394824245,0.84,0.8505402353036026,1.0125478991709553,0.05098156826925477,3
0.65,0.015,0.3,0.02,1.5,10.136392822511356,0,0.14945976469639735,0.9341235293524836,0.15276692891482915,0.8472330710851709,2.3333333333333335,3,0.19017094017094016,1.017276394824245,0.84,0.8505402353036026,1.0125478991709553,0.05098156826925477,3
0.65,0.015,0.3,0.05,inf,10.136392822511356,0,0.14945976469639735,0.9341235293524836,0.15276692891482915,0.8472330710851709,2.3333333333333335,3,0.19017094017094016,1.017276394824245,0.84,0.8505402353036026,1.0125478991709553,0.05098156826925477,3
0.65,0.015,0.3,0.05,1.25,10.136392822511356,0,0.14945976469639735,0.9341235293524836,0.15276692891482915,0.8472330710851709,2.3333333333333335,3,0.19017094017094016,1.017276394824245,0.84,0.8505402353036026,1.0125478991709553,0.05098156826925477,3
0.65,0.015,0.3,0.05,1.5,10.136392822511356,0,0.14945976469639735,0.9341235293524836,0.15276692891482915,0.8472330710851709,2.3333333333333335,3,0.19017094017094016,1.017276394824245,0.84,0.8505402353036026,1.0125478991709553,0.05098156826925477,3
0.65,0.015,0.3,0.1,inf,10.136392822511356,0,0.14945976469639735,0.9341235293524836,0.15276692891482915,0.8472330710851709,2.3333333333333335,3,0.19017094017094016,1.017276394824245,0.84,0.8505402353036026,1.0125478991709553,0.05098156826925477,3
0.65,0.015,0.3,0.1,1.25,10.136392822511356,0,0.14945976469639735,0.9341235293524836,0.15276692891482915,0.8472330710851709,2.3333333333333335,3,0.19017094017094016,1.017276394824245,0.84,0.8505402353036026,1.0125478991709553,0.05098156826925477,3
0.65,0.015,0.3,0.1,1.5,10.136392822511356,0,0.14945976469639735,0.9341235293524836,0.15276692891482915,0.8472330710851709,2.3333333333333335,3,0.19017094017094016,1.017276394824245,0.84,0.8505402353036026,1.0125478991709553,0.05098156826925477,3
0.65,0.015,0.3,0.2,inf,10.136392822511356,0,0.14945976469639735,0.9341235293524836,0.15276692891482915,0.8472330710851709,2.3333333333333335,3,0.19017094017094016,1.017276394824245,0.84,0.8505402353036026,1.0125478991709553,0.05098156826925477,3
0.65,0.015,0.3,0.2,1.25,10.136392822511356,0,0.14945976469639735,0.9341235293524836,0.15276692891482915,0.8472330710851709,2.3333333333333335,3,0.19017094017094016,1.017276394824245,0.84,0.8505402353036026,1.0125478991709553,0.05098156826925477,3
0.65,0.015,0.3,0.2,1.5,10.136392822511356,0,0.14945976469639735,0.9341235293524836,0.15276692891482915,0.8472330710851709,2.3333333333333335,3,0.19017094017094016,1.017276394824245,0.84,0.8505402353036026,1.0125478991709553,0.05098156826925477,3
0.65,0.01,0.2,0.02,inf,10.136392822511356,0,0.14945976469639735,0.9341235293524836,0.15276692891482915,0.8472330710851709,2.3333333333333335,3,0.19017094017094016,1.017276394824245,0.84,0.8505402353036026,1.0125478991709553,0.05098156826925477,3
0.65,0.01,0.2,0.02,1.25,10.136392822511356,0,0.14945976469639735,0.9341235293524836,0.15276692891482915,0.8472330710851709,2.3333333333333335,3,0.19017094017094016,1.017276394824245,0.84,0.8505402353036026,1.0125478991709553,0.05098156826925477,3
0.65,0.01,0.2,0.02,1.5,10.136392822511356,0,0.14945976469639735,0.9341235293524836,0.15276692891482915,0.8472330710851709,2.3333333333333335,3,0.19017094017094016,1.017276394824245,0.84,0.8505402353036026,1.0125478991709553,0.05098156826925477,3
0.65,0.01,0.2,0.05,inf,10.136392822511356,0,0.14945976469639735,0.9341235293524836,0.15276692891482915,0.8472330710851709,2.3333333333333335,3,0.19017094017094016,1.017276394824245,0.84,0.8505402353036026,1.0125478991709553,0.05098156826925477,3
0.65,0.01,0.2,0.05,1.25,10.136392822511356,0,0.14945976469639735,0.9341235293524836,0.15276692891482915,0.8472330710851709,2.3333333333333335,3,0.19017094017094016,1.017276394824245,0.84,0.8505402353036026,1.0125478991709553,0.05098156826925477,3
0.65,0.01,0.2,0.05,1.5,10.136392822511356,0,0.14945976469639735,0.9341235293524836,0.15276692891482915,0.8472330710851709,2.3333333333333335,3,0.19017094017094016,1.017276394824245,0.84,0.8505402353036026,1.0125478991709553,0.05098156826925477,3
0.65,0.01,0.2,0.1,inf,10.136392822511356,0,0.14945976469639735,0.9341235293524836,0.15276692891482915,0.8472330710851709,2.3333333333333335,3,0.19017094017094016,1.017276394824245,0.84,0.8505402353036026,1.0125478991709553,0.05098156826925477,3
0.65,0.01,0.2,0.1,1.25,10.136392822511356,0,0.14945976469639735,0.9341235293524836,0.15276692891482915,0.8472330710851709,2.3333333333333335,3,0.19017094017094016,1.017276394824245,0.84,0.8505402353036026,1.0125478991709553,0.05098156826925477,3
0.65,0.01,0.2,0.1,1.5,10.136392822511356,0,0.14945976469639735,0.9341235293524836,0.15276692891482915,0.8472330710851709,2.3333333333333335,3,0.19017094017094016,1.017276394824245,0.84,0.8505402353036026,1.0125478991709553,0.05098156826925477,3
0.65,0.01,0.2,0.2,inf,10.136392822511356,0,0.14945976469639735,0.9341235293524836,0.15276692891482915,0.8472330710851709,2.3333333333333335,3,0.19017094017094016,1.017276394824245,0.84,0.8505402353036026,1.0125478991709553,0.05098156826925477,3
0.65,0.01,0.2,0.2,1.25,10.136392822511356,0,0.14945976469639735,0.9341235293524836,0.15276692891482915,0.8472330710851709,2.3333333333333335,3,0.19017094017094016,1.017276394824245,0.84,0.8505402353036026,1.0125478991709553,0.05098156826925477,3
0.65,0.01,0.2,0.2,1.5,10.136392822511356,0,0.14945976469639735,0.9341235293524836,0.15276692891482915,0.8472330710851709,2.3333333333333335,3,0.19017094017094016,1.017276394824245,0.84,0.8505402353036026,1.0125478991709553,0.05098156826925477,3
0.65,0.015,0.2,0.02,inf,10.136392822511356,0,0.14945976469639735,0.9341235293524836,0.15276692891482915,0.8472330710851709,2.3333333333333335,3,0.19017094017094016,1.017276394824245,0.84,0.8505402353036026,1.0125478991709553,0.05098156826925477,3
0.65,0.015,0.2,0.02,1.25,10.136392822511356,0,0.14945976469639735,0.9341235293524836,0.15276692891482915,0.8472330710851709,2.3333333333333335,3,0.19017094017094016,1.017276394824245,0.84,0.8505402353036026,1.0125478991709553,0.05098156826925477,3
0.65,0.015,0.2,0.02,1.5,10.136392822511356,0,0.14945976469639735,0.9341235293524836,0.15276692891482915,0.8472330710851709,2.3333333333333335,3,0.19017094017094016,1.017276394824245,0.84,0.8505402353036026,1.0125478991709553,0.05098156826925477,3
0.65,0.015,0.2,0.05,inf,10.136392822511356,0,0.14945976469639735,0.9341235293524836,0.15276692891482915,0.8472330710851709,2.3333333333333335,3,0.19017094017094016,1.017276394824245,0.84,0.8505402353036026,1.0125478991709553,0.05098156826925477,3
0.65,0.015,0.2,0.05,1.25,10.136392822511356,0,0.14945976469639735,0.9341235293524836,0.15276692891482915,0.8472330710851709,2.3333333333333335,3,0.19017094017094016,1.017276394824245,0.84,0.8505402353036026,1.0125478991709553,0.05098156826925477,3
0.65,0.015,0.2,0.05,1.5,10.136392822511356,0,0.14945976469639735,0.9341235293524836,0.15276692891482915,0.8472330710851709,2.3333333333333335,3,0.19017094017094016,1.017276394824245,0.84,0.8505402353036026,1.0125478991709553,0.05098156826925477,3
0.65,0.015,0.2,0.1,inf,10.136392822511356,0,0.14945976469639735,0.9341235293524836,0.15276692891482915,0.8472330710851709,2.3333333333333335,3,0.19017094017094016,1.017276394824245,0.84,0.8505402353036026,1.0125478991709553,0.05098156826925477,3
0.65,0.015,0.2,0.1,1.25,10.136392822511356,0,0.14945976469639735,0.9341235293524836,0.15276692891482915,0.8472330710851709,2.3333333333333335,3,0.19017094017094016,1.017276394824245,0.84,0.8505402353036026,1.0125478991709553,0.05098156826925477,3
0.65,0.015,0.2,0.1,1.5,10.136392822511356,0,0.14945976469639735,0.9341235293524836,0.15276692891482915,0.8472330710851709,2.3333333333333335,3,0.19017094017094016,1.017276394824245,0.84,0.8505402353036026,1.0125478991709553,0.05098156826925477,3
0.65,0.015,0.2,0.2,inf,10.136392822511356,0,0.14945976469639735,0.9341235293524836,0.15276692891482915,0.8472330710851709,2.3333333333333335,3,0.19017094017094016,1.017276394824245,0.84,0.8505402353036026,1.0125478991709553,0.05098156826925477,3
0.65,0.015,0.2,0.2,1.25,10.136392822511356,0,0.14945976469639735,0.9341235293524836,0.15276692891482915,0.8472330710851709,2.3333333333333335,3,0.19017094017094016,1.017276394824245,0.84,0.8505402353036026,1.0125478991709553,0.05098156826925477,3
0.65,0.015,0.2,0.2,1.5,10.136392822511356,0,0.14945976469639735,0.9341235293524836,0.15276692891482915,0.8472330710851709,2.3333333333333335,3,0.19017094017094016,1.017276394824245,0.84,0.8505402353036026,1.0125478991709553,0.05098156826925477,3
0.65,0.01,0.12,0.02,inf,10.136392822511356,0,0.14945976469639735,0.9341235293524836,0.15276692891482915,0.8472330710851709,2.3333333333333335,3,0.19017094017094016,1.017276394824245,0.84,0.8505402353036026,1.0125478991709553,0.05098156826925477,3
0.65,0.01,0.12,0.02,1.25,10.136392822511356,0,0.14945976469639735,0.9341235293524836,0.15276692891482915,0.8472330710851709,2.3333333333333335,3,0.19017094017094016,1.017276394824245,0.84,0.8505402353036026,1.0125478991709553,0.05098156826925477,3
0.65,0.01,0.12,0.02,1.5,10.136392822511356,0,0.14945976469639735,0.9341235293524836,0.15276692891482915,0.8472330710851709,2.3333333333333335,3,0.19017094017094016,1.017276394824245,0.84,0.8505402353036026,1.0125478991709553,0.05098156826925477,3
0.65,0.01,0.12,0.05,inf,10.136392822511356,0,0.14945976469639735,0.9341235293524836,0.15276692891482915,0.8472330710851709,2.3333333333333335,3,0.19017094017094016,1.017276394824245,0.84,0.8505402353036026,1.0125478991709553,0.05098156826925477,3
0.65,0.01,0.12,0.05,1.25,10.136392822511356,0,0.14945976469639735,0.9341235293524836,0.15276692891482915,0.8472330710851709,2.3333333333333335,3,0.19017094017094016,1.017276394824245,0.84,0.8505402353036026,1.0125478991709553,0.05098156826925477,3
0.65,0.01,0.12,0.05,1.5,10.136392822511356,0,0.14945976469639735,0.9341235293524836,0.15276692891482915,0.8472330710851709,2.3333333333333335,3,0.19017094017094016,1.017276394824245,0.84,0.8505402353036026,1.0125478991709553,0.05098156826925477,3
0.65,0.01,0.12,0.1,inf,10.136392822511356,0,0.14945976469639735,0.9341235293524836,0.15276692891482915,0.8472330710851709,2.3333333333333335,3,0.19017094017094016,1.017276394824245,0.84,0.8505402353036026,1.0125478991709553,0.05098156826925477,3
0.65,0.01,0.12,0.1,1.25,10.136392822511356,0,0.14945976469639735,0.9341235293524836,0.15276692891482915,0.8472330710851709,2.3333333333333335,3,0.19017094017094016,1.017276394824245,0.84,0.8505402353036026,1.0125478991709553,0.05098156826925477,3
0.65,0.01,0.12,0.1,1.5,10.136392822511356,0,0.14945976469639735,0.9341235293524836,0.15276692891482915,0.8472330710851709,2.3333333333333335,3,0.19017094017094016,1.017276394824245,0.84,0.8505402353036026,1.0125478991709553,0.05098156826925477,3
0.65,0.01,0.12,0.2,inf,10.136392822511356,0,0.14945976469639735,0.9341235293524836,0.15276692891482915,0.8472330710851709,2.3333333333333335,3,0.19017094017094016,1.017276394824245,0.84,0.8505402353036026,1.0125478991709553,0.05098156826925477,3
0.65,0.01,0.12,0.2,1.25,10.136392822511356,0,0.14945976469639735,0.9341235293524836,0.15276692891482915,0.8472330710851709,2.3333333333333335,3,0.19017094017094016,1.017276394824245,0.84,0.8505402353036026,1.0125478991709553,0.05098156826925477,3
0.65,0.01,0.12,0.2,1.5,10.136392822511356,0,0.14945976469639735,0.9341235293524836,0.15276692891482915,0.8472330710851709,2.3333333333333335,3,0.19017094017094016,1.017276394824245,0.84,0.8505402353036026,1.0125478991709553,0.05098156826925477,3
0.65,0.015,0.12,0.02,inf,10.136392822511356,0,0.14945976469639735,0.9341235293524836,0.15276692891482915,0.8472330710851709,2.3333333333333335,3,0.19017094017094016,1.017276394824245,0.84,0.8505402353036026,1.0125478991709553,0.05098156826925477,3
0.65,0.015,0.12,0.02,1.25,10.136392822511356,0,0.14945976469639735,0.9341235293524836,0.15276692891482915,0.8472330710851709,2.3333333333333335,3,0.19017094017094016,1.017276394824245,0.84,0.8505402353036026,1.0125478991709553,0.05098156826925477,3
0.65,0.015,0.12,0.02,1.5,10.136392822511356,0,0.14945976469639735,0.9341235293524836,0.15276692891482915,0.8472330710851709,2.3333333333333335,3,0.19017094017094016,1.017276394824245,0.84,0.8505402353036026,1.0125478991709553,0.05098156826925477,3
0.65,0.015,0.12,0.05,inf,10.136392822511356,0,0.14945976469639735,0.9341235293524836,0.15276692891482915,0.8472330710851709,2.3333333333333335,3,0.19017094017094016,1.017276394824245,0.84,0.8505402353036026,1.0125478991709553,0.05098156826925477,3
0.65,0.015,0.12,0.05,1.25,10.136392822511356,0,0.14945976469639735,0.9341235293524836,0.15276692891482915,0.8472330710851709,2.3333333333333335,3,0.19017094017094016,1.017276394824245,0.84,0.8505402353036026,1.0125478991709553,0.05098156826925477,3
0.65,0.015,0.12,0.05,1.5,10.136392822511356,0,0.14945976469639735,0.9341235293524836,0.15276692891482915,0.8472330710851709,2.3333333333333335,3,0.19017094017094016,1.017276394824245,0.84,0.8505402353036026,1.0125478991709553,0.05098156826925477,3
0.65,0.015,0.12,0.1,inf,10.136392822511356,0,0.14945976469639735,0.9341235293524836,0.15276692891482915,0.8472330710851709,2.3333333333333335,3,0.19017094017094016,1.017276394824245,0.84,0.8505402353036026,1.0125478991709553,0.05098156826925477,3
0.65,0.015,0.12,0.1,1.25,10.136392822511356,0,0.14945976469639735,0.9341235293524836,0.15276692891482915,0.8472330710851709,2.3333333333333335,3,0.19017094017094016,1.017276394824245,0.84,0.8505402353036026,1.0125478991709553,0.05098156826925477,3
0.65,0.015,0.12,0.1,1.5,10.136392822511356,0,0.14945976469639735,0.9341235293524836,0.15276692891482915,0.8472330710851709,2.3333333333333335,3,0.19017094017094016,1.017276394824245,0.84,0.8505402353036026,1.0125478991709553,0.05098156826925477,3
0.65,0.015,0.12,0.2,inf,10.136392822511356,0,0.14945976469639735,0.9341235293524836,0.15276692891482915,0.8472330710851709,2.3333333333333335,3,0.19017094017094016,1.017276394824245,0.84,0.8505402353036026,1.0125478991709553,0.05098156826925477,3
0.65,0.015,0.12,0.2,1.25,10.136392822511356,0,0.14945976469639735,0.9341235293524836,0.15276692891482915,0.8472330710851709,2.3333333333333335,3,0.19017094017094016,1.017276394824245,0.84,0.8505402353036026,1.0125478991709553,0.05098156826925477,3
0.65,0.015,0.12,0.2,1.5,10.136392822511356,0,0.14945976469639735,0.9341235293524836,0.15276692891482915,0.8472330710851709,2.3333333333333335,3,0.19017094017094016,1.017276394824245,0.84,0.8505402353036026,1.0125478991709553,0.05098156826925477,3
0.65,0.005,0.5,0.02,inf,10.194134923486402,0,0.11756001839769246,0.734750114985578,0.1235185009224728,0.8764814990775271,4.0,4,0.32478632478632474,1.067541775884873,0.84,0.8824399816023076,1.0505237876217945,0.0525952614706066,3
0.65,0.005,0.5,0.02,1.25,10.194134923486402,0,0.11756001839769246,0.734750114985578,0.1235185009224728,0.8764814990775271,4.0,4,0.32478632478632474,1.067541775884873,0.84,0.8824399816023076,1.0505237876217945,0.0525952614706066,3
0.65,0.005,0.5,0.02,1.5,10.194134923486402,0,0.11756001839769246,0.734750114985578,0.1235185009224728,0.8764814990775271,4.0,4,0.32478632478632474,1.067541775884873,0.84,0.8824399816023076,1.0505237876217945,0.0525952614706066,3
0.65,0.005,0.5,0.05,inf,10.194134923486402,0,0.11756001839769246,0.734750114985578,0.1235185009224728,0.8764814990775271,4.0,4,0.32478632478632474,1.067541775884873,0.84,0.8824399816023076,1.0505237876217945,0.0525952614706066,3
0.65,0.005,0.5,0.05,1.25,10.194134923486402,0,0.11756001839769246,0.734750114985578,0.1235185009224728,0.8764814990775271,4.0,4,0.32478632478632474,1.067541775884873,0.84,0.8824399816023076,1.0505237876217945,0.0525952614706066,3
0.65,0.005,0.5,0.05,1.5,10.194134923486402,0,0.11756001839769246,0.734750114985578,0.1235185009224728,0.8764814990775271,4.0,4,0.32478632478632474,1.067541775884873,0.84,0.8824399816023076,1.0505237876217945,0.0525952614706066,3
0.65,0.005,0.5,0.1,inf,10.194134923486402,0,0.11756001839769246,0.734750114985578,0.1235185009224728,0.8764814990775271,4.0,4,0.32478632478632474,1.067541775884873,0.84,0.8824399816023076,1.0505237876217945,0.0525952614706066,3
0.65,0.005,0.5,0.1,1.25,10.194134923486402,0,0.11756001839769246,0.734750114985578,0.1235185009224728,0.8764814990775271,4.0,4,0.32478632478632474,1.067541775884873,0.84,0.8824399816023076,1.0505237876217945,0.0525952614706066,3
0.65,0.005,0.5,0.1,1.5,10.194134923486402,0,0.11756001839769246,0.734750114985578,0.1235185009224728,0.8764814990775271,4.0,4,0.32478632478632474,1.067541775884873,0.84,0.8824399816023076,1.0505237876217945,0.0525952614706066,3
0.65,0.005,0.5,0.2,inf,10.194134923486402,0,0.11756001839769246,0.734750114985578,0.1235185009224728,0.8764814990775271,4.0,4,0.32478632478632474,1.067541775884873,0.84,0.8824399816023076,1.0505237876217945,0.0525952614706066,3
0.65,0.005,0.5,0.2,1.25,10.194134923486402,0,0.11756001839769246,0.734750114985578,0.1235185009224728,0.8764814990775271,4.0,4,0.32478632478632474,1.067541775884873,0.84,0.8824399816023076,1.0505237876217945,0.0525952614706066,3
0.65,0.005,0.5,0.2,1.5,10.194134923486402,0,0.11756001839769246,0.734750114985578,0.1235185009224728,0.8764814990775271,4.0,4,0.32478632478632474,1.067541775884873,0.84,0.8824399816023076,1.0505237876217945,0.0525952614706066,3
0.65,0.005,0.3,0.02,inf,10.194134923486402,0,0.11756001839769246,0.734750114985578,0.1235185009224728,0.8764814990775271,4.0,4,0.32478632478632474,1.067541775884873,0.84,0.8824399816023076,1.0505237876217945,0.0525952614706066,3
0.65,0.005,0.3,0.02,1.25,10.194134923486402,0,0.11756001839769246,0.734750114985578,0.1235185009224728,0.8764814990775271,4.0,4,0.32478632478632474,1.067541775884873,0.84,0.8824399816023076,1.0505237876217945,0.0525952614706066,3
0.65,0.005,0.3,0.02,1.5,10.194134923486402,0,0.11756001839769246,0.734750114985578,0.1235185009224728,0.8764814990775271,4.0,4,0.32478632478632474,1.067541775884873,0.84,0.8824399816023076,1.0505237876217945,0.0525952614706066,3
0.65,0.005,0.3,0.05,inf,10.194134923486402,0,0.11756001839769246,0.734750114985578,0.1235185009224728,0.8764814990775271,4.0,4,0.32478632478632474,1.067541775884873,0.84,0.8824399816023076,1.0505237876217945,0.0525952614706066,3
0.65,0.005,0.3,0.05,1.25,10.194134923486402,0,0.11756001839769246,0.734750114985578,0.1235185009224728,0.8764814990775271,4.0,4,0.32478632478632474,1.067541775884873,0.84,0.8824399816023076,1.0505237876217945,0.0525952614706066,3
0.65,0.005,0.3,0.05,1.5,10.194134923486402,0,0.11756001839769246,0.734750114985578,0.1235185009224728,0.8764814990775271,4.0,4,0.32478632478632474,1.067541775884873,0.84,0.8824399816023076,1.0505237876217945,0.0525952614706066,3
0.65,0.005,0.3,0.1,inf,10.194134923486402,0,0.11756001839769246,0.734750114985578,0.1235185009224728,0.8764814990775271,4.0,4,0.32478632478632474,1.067541775884873,0.84,0.8824399816023076,1.0505237876217945,0.0525952614706066,3
0.65,0.005,0.3,0.1,1.25,10.194134923486402,0,0.11756001839769246,0.734750114985578,0.1235185009224728,0.8764814990775271,4.0,4,0.32478632478632474,1.067541775884873,0.84,0.8824399816023076,1.0505237876217945,0.0525952614706066,3
0.65,0.005,0.3,0.1,1.5,10.194134923486402,0,0.11756001839769246,0.734750114985578,0.1235185009224728,0.8764814990775271,4.0,4,0.32478632478632474,1.067541775884873,0.84,0.8824399816023076,1.0505237876217945,0.0525952614706066,3
0.65,0.005,0.3,0.2,inf,10.194134923486402,0,0.11756001839769246,0.734750114985578,0.1235185009224728,0.8764814990775271,4.0,4,0.32478632478632474,1.067541775884873,0.84,0.8824399816023076,1.0505237876217945,0.0525952614706066,3
0.65,0.005,0.3,0.2,1.25,10.194134923486402,0,0.11756001839769246,0.734750114985578,0.1235185009224728,0.8764814990775271,4.0,4,0.32478632478632474,1.067541775884873,0.84,0.8824399816023076,1.0505237876217945,0.0525952614706066,3
0.65,0.005,0.3,0.2,1.5,10.194134923486402,0,0.11756001839769246,0.734750114985578,0.1235185009224728,0.8764814990775271,4.0,4,0.32478632478632474,1.067541775884873,0.84,0.8824399816023076,1.0505237876217945,0.0525952614706066,3
0.65,0.005,0.2,0.02,inf,10.194134923486402,0,0.11756001839769246,0.734750114985578,0.1235185009224728,0.8764814990775271,4.0,4,0.32478632478632474,1.067541775884873,0.84,0.8824399816023076,1.0505237876217945,0.0525952614706066,3
0.65,0.005,0.2,0.02,1.25,10.194134923486402,0,0.11756001839769246,0.734750114985578,0.1235185009224728,0.8764814990775271,4.0,4,0.32478632478632474,1.067541775884873,0.84,0.8824399816023076,1.0505237876217945,0.0525952614706066,3
0.65,0.005,0.2,0.02,1.5,10.194134923486402,0,0.11756001839769246,0.734750114985578,0.1235185009224728,0.8764814990775271,4.0,4,0.32478632478632474,1.067541775884873,0.84,0.8824399816023076,1.0505237876217945,0.0525952614706066,3
0.65,0.005,0.2,0.05,inf,10.194134923486402,0,0.11756001839769246,0.734750114985578,0.1235185009224728,0.8764814990775271,4.0,4,0.32478632478632474,1.067541775884873,0.84,0.8824399816023076,1.0505237876217945,0.0525952614706066,3
0.65,0.005,0.2,0.05,1.25,10.194134923486402,0,0.11756001839769246,0.734750114985578,0.1235185009224728,0.8764814990775271,4.0,4,0.32478632478632474,1.067541775884873,0.84,0.8824399816023076,1.0505237876217945,0.0525952614706066,3
0.65,0.005,0.2,0.05,1.5,10.194134923486402,0,0.11756001839769246,0.734750114985578,0.1235185009224728,0.8764814990775271,4.0,4,0.32478632478632474,1.067541775884873,0.84,0.8824399816023076,1.0505237876217945,0.0525952614706066,3
0.65,0.005,0.2,0.1,inf,10.194134923486402,0,0.11756001839769246,0.734750114985578,0.1235185009224728,0.8764814990775271,4.0,4,0.32478632478632474,1.067541775884873,0.84,0.8824399816023076,1.0505237876217945,0.0525952614706066,3
0.65,0.005,0.2,0.1,1.25,10.194134923486402,0,0.11756001839769246,0.734750114985578,0.1235185009224728,0.8764814990775271,4.0,4,0.32478632478632474,1.067541775884873,0.84,0.8824399816023076,1.0505237876217945,0.0525952614706066,3
0.65,0.005,0.2,0.1,1.5,10.194134923486402,0,0.11756001839769246,0.734750114985578,0.1235185009224728,0.8764814990775271,4.0,4,0.32478632478632474,1.067541775884873,0.84,0.8824399816023076,1.0505237876217945,0.0525952614706066,3
0.65,0.005,0.2,0.2,inf,10.194134923486402,0,0.11756001839769246,0.734750114985578,0.1235185009224728,0.8764814990775271,4.0,4,0.32478632478632474,1.067541775884873,0.84,0.8824399816023076,1.0505237876217945,0.0525952614706066,3
0.65,0.005,0.2,0.2,1.25,10.194134923486402,0,0.11756001839769246,0.734750114985578,0.1235185009224728,0.8764814990775271,4.0,4,0.32478632478632474,1.067541775884873,0.84,0.8824399816023076,1.0505237876217945,0.0525952614706066,3
0.65,0.005,0.2,0.2,1.5,10.194134923486402,0,0.11756001839769246,0.734750114985578,0.1235185009224728,0.8764814990775271,4.0,4,0.32478632478632474,1.067541775884873,0.84,0.8824399816023076,1.0505237876217945,0.0525952614706066,3
0.65,0.005,0.12,0.02,inf,10.194134923486402,0,0.11756001839769246,0.734750114985578,0.1235185009224728,0.8764814990775271,4.0,4,0.32478632478632474,1.067541775884873,0.84,0.8824399816023076,1.0505237876217945,0.0525952614706066,3
0.65,0.005,0.12,0.02,1.25,10.194134923486402,0,0.11756001839769246,0.734750114985578,0.1235185009224728,0.8764814990775271,4.0,4,0.32478632478632474,1.067541775884873,0.84,0.8824399816023076,1.0505237876217945,0.0525952614706066,3
0.65,0.005,0.12,0.02,1.5,10.194134923486402,0,0.11756001839769246,0.734750114985578,0.1235185009224728,0.8764814990775271,4.0,4,0.32478632478632474,1.067541775884873,0.84,0.8824399816023076,1.0505237876217945,0.0525952614706066,3
0.65,0.005,0.12,0.05,inf,10.194134923486402,0,0.11756001839769246,0.734750114985578,0.1235185009224728,0.8764814990775271,4.0,4,0.32478632478632474,1.067541775884873,0.84,0.8824399816023076,1.0505237876217945,0.0525952614706066,3
0.65,0.005,0.12,0.05,1.25,10.194134923486402,0,0.11756001839769246,0.734750114985578,0.1235185009224728,0.8764814990775271,4.0,4,0.32478632478632474,1.067541775884873,0.84,0.8824399816023076,1.0505237876217945,0.0525952614706066,3
0.65,0.005,0.12,0.05,1.5,10.194134923486402,0,0.11756001839769246,0.734750114985578,0.1235185009224728,0.8764814990775271,4.0,4,0.32478632478632474,1.067541775884873,0.84,0.8824399816023076,1.0505237876217945,0.0525952614706066,3
0.65,0.005,0.12,0.1,inf,10.194134923486402,0,0.11756001839769246,0.734750114985578,0.1235185009224728,0.8764814990775271,4.0,4,0.32478632478632474,1.067541775884873,0.84,0.8824399816023076,1.0505237876217945,0.0525952614706066,3
0.65,0.005,0.12,0.1,1.25,10.194134923486402,0,0.11756001839769246,0.734750114985578,0.1235185009224728,0.8764814990775271,4.0,4,0.32478632478632474,1.067541775884873,0.84,0.8824399816023076,1.0505237876217945,0.0525952614706066,3
0.65,0.005,0.12,0.1,1.5,10.194134923486402,0,0.11756001839769246,0.734750114985578,0.1235185009224728,0.8764814990775271,4.0,4,0.32478632478632474,1.067541775884873,0.84,0.8824399816023076,1.0505237876217945,0.0525952614706066,3
0.65,0.005,0.12,0.2,inf,10.194134923486402,0,0.11756001839769246,0.734750114985578,0.1235185009224728,0.8764814990775271,4.0,4,0.32478632478632474,1.067541775884873,0.84,0.8824399816023076,1.0505237876217945,0.0525952614706066,3
0.65,0.005,0.12,0.2,1.25,10.194134923486402,0,0.11756001839769246,0.734750114985578,0.1235185009224728,0.8764814990775271,4.0,4,0.32478632478632474,1.067541775884873,0.84,0.8824399816023076,1.0505237876217945,0.0525952614706066,3
0.65,0.005,0.12,0.2,1.5,10.194134923486402,0,0.11756001839769246,0.734750114985578,0.1235185009224728,0.8764814990775271,4.0,4,0.32478632478632474,1.067541775884873,0.84,0.8824399816023076,1.0505237876217945,0.0525952614706066,3
0.6,0.02,0.5,0.02,inf,10.251186634760073,0,0.2876586561847709,1.7978666011548177,0.34977458063972033,0.6502254193602797,1.6666666666666667,2,0.1346153846153846,0.8358076308094765,0.84,0.7123413438152292,0.8480254093038443,0.047059909171619785,0
0.6,0.02,0.5,0.02,1.25,10.251186634760073,0,0.2876586561847709,1.7978666011548177,0.34977458063972033,0.6502254193602797,1.6666666666666667,2,0.1346153846153846,0.8358076308094765,0.84,0.7123413438152292,0.8480254093038443,0.047059909171619785,0
0.6,0.02,0.5,0.02,1.5,10.251186634760073,0,0.2876586561847709,1.7978666011548177,0.34977458063972033,0.6502254193602797,1.6666666666666667,2,0.1346153846153846,0.8358076308094765,0.84,0.7123413438152292,0.8480254093038443,0.047059909171619785,0
0.6,0.02,0.5,0.05,inf,10.251186634760073,0,0.2876586561847709,1.7978666011548177,0.34977458063972033,0.6502254193602797,1.6666666666666667,2,0.1346153846153846,0.8358076308094765,0.84,0.7123413438152292,0.8480254093038443,0.047059909171619785,0
0.6,0.02,0.5,0.05,1.25,10.251186634760073,0,0.2876586561847709,1.7978666011548177,0.34977458063972033,0.6502254193602797,1.6666666666666667,2,0.1346153846153846,0.8358076308094765,0.84,0.7123413438152292,0.8480254093038443,0.047059909171619785,0
0.6,0.02,0.5,0.05,1.5,10.251186634760073,0,0.2876586561847709,1.7978666011548177,0.34977458063972033,0.6502254193602797,1.6666666666666667,2,0.1346153846153846,0.8358076308094765,0.84,0.7123413438152292,0.8480254093038443,0.047059909171619785,0
0.6,0.02,0.5,0.1,inf,10.251186634760073,0,0.2876586561847709,1.7978666011548177,0.34977458063972033,0.6502254193602797,1.6666666666666667,2,0.1346153846153846,0.8358076308094765,0.84,0.7123413438152292,0.8480254093038443,0.047059909171619785,0
0.6,0.02,0.5,0.1,1.25,10.251186634760073,0,0.2876586561847709,1.7978666011548177,0.34977458063972033,0.6502254193602797,1.6666666666666667,2,0.1346153846153846,0.8358076308094765,0.84,0.7123413438152292,0.8480254093038443,0.047059909171619785,0
0.6,0.02,0.5,0.1,1.5,10.251186634760073,0,0.2876586561847709,1.7978666011548177,0.34977458063972033,0.6502254193602797,1.6666666666666667,2,0.1346153846153846,0.8358076308094765,0.84,0.7123413438152292,0.8480254093038443,0.047059909171619785,0
0.6,0.02,0.5,0.2,inf,10.251186634760073,0,0.2876586561847709,1.7978666011548177,0.34977458063972033,0.6502254193602797,1.6666666666666667,2,0.1346153846153846,0.8358076308094765,0.84,0.7123413438152292,0.8480254093038443,0.047059909171619785,0
0.6,0.02,0.5,0.2,1.25,10.251186634760073,0,0.2876586561847709,1.7978666011548177,0.34977458063972033,0.6502254193602797,1.6666666666666667,2,0.1346153846153846,0.8358076308094765,0.84,0.7123413438152292,0.8480254093038443,0.047059909171619785,0
0.6,0.02,0.5,0.2,1.5,10.251186634760073,0,0.2876586561847709,1.7978666011548177,0.34977458063972033,0.6502254193602797,1.6666666666666667,2,0.1346153846153846,0.8358076308094765,0.84,0.7123413438152292,0.8480254093038443,0.047059909171619785,0
0.6,0.02,0.3,0.02,inf,10.251186634760073,0,0.2876586561847709,1.7978666011548177,0.34977458063972033,0.6502254193602797,1.6666666666666667,2,0.1346153846153846,0.8358076308094765,0.84,0.7123413438152292,0.8480254093038443,0.047059909171619785,0
0.6,0.02,0.3,0.02,1.25,10.251186634760073,0,0.2876586561847709,1.7978666011548177,0.34977458063972033,0.6502254193602797,1.6666666666666667,2,0.1346153846153846,0.8358076308094765,0.84,0.7123413438152292,0.8480254093038443,0.047059909171619785,0
0.6,0.02,0.3,0.02,1.5,10.251186634760073,0,0.2876586561847709,1.7978666011548177,0.34977458063972033,0.6502254193602797,1.6666666666666667,2,0.1346153846153846,0.8358076308094765,0.84,0.7123413438152292,0.8480254093038443,0.047059909171619785,0
0.6,0.02,0.3,0.05,inf,10.251186634760073,0,0.2876586561847709,1.7978666011548177,0.34977458063972033,0.6502254193602797,1.6666666666666667,2,0.1346153846153846,0.8358076308094765,0.84,0.7123413438152292,0.8480254093038443,0.047059909171619785,0
0.6,0.02,0.3,0.05,1.25,10.251186634760073,0,0.2876586561847709,1.7978666011548177,0.34977458063972033,0.6502254193602797,1.6666666666666667,2,0.1346153846153846,0.8358076308094765,0.84,0.7123413438152292,0.8480254093038443,0.047059909171619785,0
0.6,0.02,0.3,0.05,1.5,10.251186634760073,0,0.2876586561847709,1.7978666011548177,0.34977458063972033,0.6502254193602797,1.6666666666666667,2,0.1346153846153846,0.8358076308094765,0.84,0.7123413438152292,0.8480254093038443,0.047059909171619785,0
0.6,0.02,0.3,0.1,inf,10.251186634760073,0,0.2876586561847709,1.7978666011548177,0.34977458063972033,0.6502254193602797,1.6666666666666667,2,0.1346153846153846,0.8358076308094765,0.84,0.7123413438152292,0.8480254093038443,0.047059909171619785,0
0.6,0.02,0.3,0.1,1.25,10.251186634760073,0,0.2876586561847709,1.7978666011548177,0.34977458063972033,0.6502254193602797,1.6666666666666667,2,0.1346153846153846,0.8358076308094765,0.84,0.7123413438152292,0.8480254093038443,0.047059909171619785,0
0.6,0.02,0.3,0.1,1.5,10.251186634760073,0,0.2876586561847709,1.7978666011548177,0.34977458063972033,0.6502254193602797,1.6666666666666667,2,0.1346153846153846,0.8358076308094765,0.84,0.7123413438152292,0.8480254093038443,0.047059909171619785,0
0.6,0.02,0.3,0.2,inf,10.251186634760073,0,0.2876586561847709,1.7978666011548177,0.34977458063972033,0.6502254193602797,1.6666666666666667,2,0.1346153846153846,0.8358076308094765,0.84,0.7123413438152292,0.8480254093038443,0.047059909171619785,0
0.6,0.02,0.3,0.2,1.25,10.251186634760073,0,0.2876586561847709,1.7978666011548177,0.34977458063972033,0.6502254193602797,1.6666666666666667,2,0.1346153846153846,0.8358076308094765,0.84,0.7123413438152292,0.8480254093038443,0.047059909171619785,0
0.6,0.02,0.3,0.2,1.5,10.251186634760073,0,0.2876586561847709,1.7978666011548177,0.34977458063972033,0.6502254193602797,1.6666666666666667,2,0.1346153846153846,0.8358076308094765,0.84,0.7123413438152292,0.8480254093038443,0.047059909171619785,0
0.6,0.02,0.2,0.02,inf,10.251186634760073,0,0.2876586561847709,1.7978666011548177,0.34977458063972033,0.6502254193602797,1.6666666666666667,2,0.1346153846153846,0.8358076308094765,0.84,0.7123413438152292,0.8480254093038443,0.047059909171619785,0
0.6,0.02,0.2,0.02,1.25,10.251186634760073,0,0.2876586561847709,1.7978666011548177,0.34977458063972033,0.6502254193602797,1.6666666666666667,2,0.1346153846153846,0.8358076308094765,0.84,0.7123413438152292,0.8480254093038443,0.047059909171619785,0
0.6,0.02,0.2,0.02,1.5,10.251186634760073,0,0.2876586561847709,1.7978666011548177,0.34977458063972033,0.6502254193602797,1.6666666666666667,2,0.1346153846153846,0.8358076308094765,0.84,0.7123413438152292,0.8480254093038443,0.047059909171619785,0
0.6,0.02,0.2,0.05,inf,10.251186634760073,0,0.2876586561847709,1.7978666011548177,0.34977458063972033,0.6502254193602797,1.6666666666666667,2,0.1346153846153846,0.8358076308094765,0.84,0.7123413438152292,0.8480254093038443,0.047059909171619785,0
0.6,0.02,0.2,0.05,1.25,10.251186634760073,0,0.2876586561847709,1.7978666011548177,0.34977458063972033,0.6502254193602797,1.6666666666666667,2,0.1346153846153846,0.8358076308094765,0.84,0.7123413438152292,0.8480254093038443,0.047059909171619785,0
0.6,0.02,0.2,0.05,1.5,10.251186634760073,0,0.2876586561847709,1.7978666011548177,0.34977458063972033,0.6502254193602797,1.6666666666666667,2,0.1346153846153846,0.8358076308094765,0.84,0.7123413438152292,0.8480254093038443,0.047059909171619785,0
0.6,0.02,0.2,0.1,inf,10.251186634760073,0,0.2876586561847709,1.7978666011548177,0.34977458063972033,0.6502254193602797,1.6666666666666667,2,0.1346153846153846,0.8358076308094765,0.84,0.7123413438152292,0.8480254093038443,0.047059909171619785,0
0.6,0.02,0.2,0.1,1.25,10.251186634760073,0,0.2876586561847709,1.7978666011548177,0.34977458063972033,0.6502254193602797,1.6666666666666667,2,0.1346153846153846,0.8358076308094765,0.84,0.7123413438152292,0.8480254093038443,0.047059909171619785,0
0.6,0.02,0.2,0.1,1.5,10.251186634760073,0,0.2876586561847709,1.7978666011548177,0.34977458063972033,0.6502254193602797,1.6666666666666667,2,0.1346153846153846,0.8358076308094765,0.84,0.7123413438152292,0.8480254093038443,0.047059909171619785,0
0.6,0.02,0.2,0.2,inf,10.251186634760073,0,0.2876586561847709,1.7978666011548177,0.34977458063972033,0.6502254193602797,1.6666666666666667,2,0.1346153846153846,0.8358076308094765,0.84,0.7123413438152292,0.8480254093038443,0.047059909171619785,0
0.6,0.02,0.2,0.2,1.25,10.251186634760073,0,0.2876586561847709,1.7978666011548177,0.34977458063972033,0.6502254193602797,1.6666666666666667,2,0.1346153846153846,0.8358076308094765,0.84,0.7123413438152292,0.8480254093038443,0.047059909171619785,0
0.6,0.02,0.2,0.2,1.5,10.251186634760073,0,0.2876586561847709,1.7978666011548177,0.34977458063972033,0.6502254193602797,1.6666666666666667,2,0.1346153846153846,0.8358076308094765,0.84,0.7123413438152292,0.8480254093038443,0.047059909171619785,0
0.6,0.02,0.12,0.02,inf,10.251186634760073,0,0.2876586561847709,1.7978666011548177,0.34977458063972033,0.6502254193602797,1.6666666666666667,2,0.1346153846153846,0.8358076308094765,0.84,0.7123413438152292,0.8480254093038443,0.047059909171619785,0
0.6,0.02,0.12,0.02,1.25,10.251186634760073,0,0.2876586561847709,1.7978666011548177,0.34977458063972033,0.6502254193602797,1.6666666666666667,2,0.1346153846153846,0.8358076308094765,0.84,0.7123413438152292,0.8480254093038443,0.047059909171619785,0
0.6,0.02,0.12,0.02,1.5,10.251186634760073,0,0.2876586561847709,1.7978666011548177,0.34977458063972033,0.6502254193602797,1.6666666666666667,2,0.1346153846153846,0.8358076308094765,0.84,0.7123413438152292,0.8480254093038443,0.047059909171619785,0
0.6,0.02,0.12,0.05,inf,10.251186634760073,0,0.2876586561847709,1.7978666011548177,0.34977458063972033,0.6502254193602797,1.6666666666666667,2,0.1346153846153846,0.8358076308094765,0.84,0.7123413438152292,0.8480254093038443,0.047059909171619785,0
0.6,0.02,0.12,0.05,1.25,10.251186634760073,0,0.2876586561847709,1.7978666011548177,0.34977458063972033,0.6502254193602797,1.6666666666666667,2,0.1346153846153846,0.8358076308094765,0.84,0.7123413438152292,0.8480254093038443,0.047059909171619785,0
0.6,0.02,0.12,0.05,1.5,10.251186634760073,0,0.2876586561847709,1.7978666011548177,0.34977458063972033,0.6502254193602797,1.6666666666666667,2,0.1346153846153846,0.8358076308094765,0.84,0.7123413438152292,0.8480254093038443,0.047059909171619785,0
0.6,0.02,0.12,0.1,inf,10.251186634760073,0,0.2876586561847709,1.7978666011548177,0.34977458063972033,0.6502254193602797,1.6666666666666667,2,0.1346153846153846,0.8358076308094765,0.84,0.7123413438152292,0.8480254093038443,0.047059909171619785,0
0.6,0.02,0.12,0.1,1.25,10.251186634760073,0,0.2876586561847709,1.7978666011548177,0.34977458063972033,0.6502254193602797,1.6666666666666667,2,0.1346153846153846,0.8358076308094765,0.84,0.7123413438152292,0.8480254093038443,0.047059909171619785,0
0.6,0.02,0.12,0.1,1.5,10.251186634760073,0,0.2876586561847709,1.7978666011548177,0.34977458063972033,0.6502254193602797,1.6666666666666667,2,0.1346153846153846,0.8358076308094765,0.84,0.7123413438152292,0.8480254093038443,0.047059909171619785,0
0.6,0.02,0.12,0.2,inf,10.251186634760073,0,0.2876586561847709,1.7978666011548177,0.34977458063972033,0.6502254193602797,1.6666666666666667,2,0.1346153846153846,0.8358076308094765,0.84,0.7123413438152292,0.8480254093038443,0.047059909171619785,0
0.6,0.02,0.12,0.2,1.25,10.251186634760073,0,0.2876586561847709,1.7978666011548177,0.34977458063972033,0.6502254193602797,1.6666666666666667,2,0.1346153846153846,0.8358076308094765,0.84,0.7123413438152292,0.8480254093038443,0.047059909171619785,0
0.6,0.02,0.12,0.2,1.5,10.251186634760073,0,0.2876586561847709,1.7978666011548177,0.34977458063972033,0.6502254193602797,1.6666666666666667,2,0.1346153846153846,0.8358076308094765,0.84,0.7123413438152292,0.8480254093038443,0.047059909171619785,0
0.55,0.02,0.5,0.02,inf,10.32842926265099,0,0.32592544010147323,2.037034000634208,0.3840301973871665,0.6159698026128335,1.6666666666666667,2,0.1346153846153846,0.7661569949086867,0.84,0.6740745598985267,0.8024697141649128,0.04313825007398481,0
0.55,0.02,0.5,0.02,1.25,10.32842926265099,0,0.32592544010147323,2.037034000634208,0.3840301973871665,0.6159698026128335,1.6666666666666667,2,0.1346153846153846,0.7661569949086867,0.84,0.6740745598985267,0.8024697141649128,0.04313825007398481,0
0.55,0.02,0.5,0.02,1.5,10.32842926265099,0,0.32592544010147323,2.037034000634208,0.3840301973871665,0.6159698026128335,1.6666666666666667,2,0.1346153846153846,0.7661569949086867,0.84,0.6740745598985267,0.8024697141649128,0.04313825007398481,0
0.55,0.02,0.5,0.05,inf,10.32842926265099,0,0.32592544010147323,2.037034000634208,0.3840301973871665,0.6159698026128335,1.6666666666666667,2,0.1346153846153846,0.7661569949086867,0.84,0.6740745598985267,0.8024697141649128,0.04313825007398481,0
0.55,0.02,0.5,0.05,1.25,10.32842926265099,0,0.32592544010147323,2.037034000634208,0.3840301973871665,0.6159698026128335,1.6666666666666667,2,0.1346153846153846,0.7661569949086867,0.84,0.6740745598985267,0.8024697141649128,0.04313825007398481,0
0.55,0.02,0.5,0.05,1.5,10.32842926265099,0,0.32592544010147323,2.037034000634208,0.3840301973871665,0.6159698026128335,1.6666666666666667,2,0.1346153846153846,0.7661569949086867,0.84,0.6740745598985267,0.8024697141649128,0.04313825007398481,0
0.55,0.02,0.5,0.1,inf,10.32842926265099,0,0.32592544010147323,2.037034000634208,0.3840301973871665,0.6159698026128335,1.6666666666666667,2,0.1346153846153846,0.7661569949086867,0.84,0.6740745598985267,0.8024697141649128,0.04313825007398481,0
0.55,0.02,0.5,0.1,1.25,10.32842926265099,0,0.32592544010147323,2.037034000634208,0.3840301973871665,0.6159698026128335,1.6666666666666667,2,0.1346153846153846,0.7661569949086867,0.84,0.6740745598985267,0.8024697141649128,0.04313825007398481,0
0.55,0.02,0.5,0.1,1.5,10.32842926265099,0,0.32592544010147323,2.037034000634208,0.3840301973871665,0.6159698026128335,1.6666666666666667,2,0.1346153846153846,0.7661569949086867,0.84,0.6740745598985267,0.8024697141649128,0.04313825007398481,0
0.55,0.02,0.5,0.2,inf,10.32842926265099,0,0.32592544010147323,2.037034000634208,0.3840301973871665,0.6159698026128335,1.6666666666666667,2,0.1346153846153846,0.7661569949086867,0.84,0.6740745598985267,0.8024697141649128,0.04313825007398481,0
0.55,0.02,0.5,0.2,1.25,10.32842926265099,0,0.32592544010147323,2.037034000634208,0.3840301973871665,0.6159698026128335,1.6666666666666667,2,0.1346153846153846,0.7661569949086867,0.84,0.6740745598985267,0.8024697141649128,0.04313825007398481,0
0.55,0.02,0.5,0.2,1.5,10.32842926265099,0,0.32592544010147323,2.037034000634208,0.3840301973871665,0.6159698026128335,1.6666666666666667,2,0.1346153846153846,0.7661569949086867,0.84,0.6740745598985267,0.8024697141649128,0.04313825007398481,0
0.55,0.02,0.3,0.02,inf,10.32842926265099,0,0.32592544010147323,2.037034000634208,0.3840301973871665,0.6159698026128335,1.6666666666666667,2,0.1346153846153846,0.7661569949086867,0.84,0.6740745598985267,0.8024697141649128,0.04313825007398481,0
0.55,0.02,0.3,0.02,1.25,10.32842926265099,0,0.32592544010147323,2.037034000634208,0.3840301973871665,0.6159698026128335,1.6666666666666667,2,0.1346153846153846,0.7661569949086867,0.84,0.6740745598985267,0.8024697141649128,0.04313825007398481,0
0.55,0.02,0.3,0.02,1.5,10.32842926265099,0,0.32592544010147323,2.037034000634208,0.3840301973871665,0.6159698026128335,1.6666666666666667,2,0.1346153846153846,0.7661569949086867,0.84,0.6740745598985267,0.8024697141649128,0.04313825007398481,0
0.55,0.02,0.3,0.05,inf,10.32842926265099,0,0.32592544010147323,2.037034000634208,0.3840301973871665,0.6159698026128335,1.6666666666666667,2,0.1346153846153846,0.7661569949086867,0.84,0.6740745598985267,0.8024697141649128,0.04313825007398481,0
0.55,0.02,0.3,0.05,1.25,10.32842926265099,0,0.32592544010147323,2.037034000634208,0.3840301973871665,0.6159698026128335,1.6666666666666667,2,0.1346153846153846,0.7661569949086867,0.84,0.6740745598985267,0.8024697141649128,0.04313825007398481,0
0.55,0.02,0.3,0.05,1.5,10.32842926265099,0,0.32592544010147323,2.037034000634208,0.3840301973871665,0.6159698026128335,1.6666666666666667,2,0.1346153846153846,0.7661569949086867,0.84,0.6740745598985267,0.8024697141649128,0.04313825007398481,0
0.55,0.02,0.3,0.1,inf,10.32842926265099,0,0.32592544010147323,2.037034000634208,0.3840301973871665,0.6159698026128335,1.6666666666666667,2,0.1346153846153846,0.7661569949086867,0.84,0.6740745598985267,0.8024697141649128,0.04313825007398481,0
0.55,0.02,0.3,0.1,1.25,10.32842926265099,0,0.32592544010147323,2.037034000634208,0.3840301973871665,0.6159698026128335,1.6666666666666667,2,0.1346153846153846,0.7661569949086867,0.84,0.6740745598985267,0.8024697141649128,0.04313825007398481,0
0.55,0.02,0.3,0.1,1.5,10.32842926265099,0,0.32592544010147323,2.037034000634208,0.3840301973871665,0.6159698026128335,1.6666666666666667,2,0.1346153846153846,0.7661569949086867,0.84,0.6740745598985267,0.8024697141649128,0.04313825007398481,0
0.55,0.02,0.3,0.2,inf,10.32842926265099,0,0.32592544010147323,2.037034000634208,0.3840301973871665,0.6159698026128335,1.6666666666666667,2,0.1346153846153846,0.7661569949086867,0.84,0.6740745598985267,0.8024697141649128,0.04313825007398481,0
0.55,0.02,0.3,0.2,1.25,10.32842926265099,0,0.32592544010147323,2.037034000634208,0.3840301973871665,0.6159698026128335,1.6666666666666667,2,0.1346153846153846,0.7661569949086867,0.84,0.6740745598985267,0.8024697141649128,0.04313825007398481,0
0.55,0.02,0.3,0.2,1.5,10.32842926265099,0,0.32592544010147323,2.037034000634208,0.3840301973871665,0.6159698026128335,1.6666666666666667,2,0.1346153846153846,0.7661569949086867,0.84,0.6740745598985267,0.8024697141649128,0.04313825007398481,0
0.55,0.02,0.2,0.02,inf,10.32842926265099,0,0.32592544010147323,2.037034000634208,0.3840301973871665,0.6159698026128335,1.6666666666666667,2,0.1346153846153846,0.7661569949086867,0.84,0.6740745598985267,0.8024697141649128,0.04313825007398481,0
0.55,0.02,0.2,0.02,1.25,10.32842926265099,0,0.32592544010147323,2.037034000634208,0.3840301973871665,0.6159698026128335,1.6666666666666667,2,0.1346153846153846,0.7661569949086867,0.84,0.6740745598985267,0.8024697141649128,0.04313825007398481,0
0.55,0.02,0.2,0.02,1.5,10.32842926265099,0,0.32592544010147323,2.037034000634208,0.3840301973871665,0.6159698026128335,1.6666666666666667,2,0.1346153846153846,0.7661569949086867,0.84,0.6740745598985267,0.8024697141649128,0.04313825007398481,0
0.55,0.02,0.2,0.05,inf,10.32842926265099,0,0.32592544010147323,2.037034000634208,0.3840301973871665,0.6159698026128335,1.6666666666666667,2,0.1346153846153846,0.7661569949086867,0.84,0.6740745598985267,0.8024697141649128,0.04313825007398481,0
0.55,0.02,0.2,0.05,1.25,10.32842926265099,0,0.32592544010147323,2.037034000634208,0.3840301973871665,0.6159698026128335,1.6666666666666667,2,0.1346153846153846,0.7661569949086867,0.84,0.6740745598985267,0.8024697141649128,0.04313825007398481,0
0.55,0.02,0.2,0.05,1.5,10.32842926265099,0,0.32592544010147323,2.037034000634208,0.3840301973871665,0.6159698026128335,1.6666666666666667,2,0.1346153846153846,0.7661569949086867,0.84,0.6740745598985267,0.8024697141649128,0.04313825007398481,0
0.55,0.02,0.2,0.1,inf,10.32842926265099,0,0.32592544010147323,2.037034000634208,0.3840301973871665,0.6159698026128335,1.6666666666666667,2,0.1346153846153846,0.7661569949086867,0.84,0.6740745598985267,0.8024697141649128,0.04313825007398481,0
0.55,0.02,0.2,0.1,1.25,10.32842926265099,0,0.32592544010147323,2.037034000634208,0.3840301973871665,0.6159698026128335,1.6666666666666667,2,0.1346153846153846,0.7661569949086867,0.84,0.6740745598985267,0.8024697141649128,0.04313825007398481,0
0.55,0.02,0.2,0.1,1.5,10.32842926265099,0,0.32592544010147323,2.037034000634208,0.3840301973871665,0.6159698026128335,1.6666666666666667,2,0.1346153846153846,0.7661569949086867,0.84,0.6740745598985267,0.8024697141649128,0.04313825007398481,0
0.55,0.02,0.2,0.2,inf,10.32842926265099,0,0.32592544010147323,2.037034000634208,0.3840301973871665,0.6159698026128335,1.6666666666666667,2,0.1346153846153846,0.7661569949086867,0.84,0.6740745598985267,0.8024697141649128,0.04313825007398481,0
0.55,0.02,0.2,0.2,1.25,10.32842926265099,0,0.32592544010147323,2.037034000634208,0.3840301973871665,0.6159698026128335,1.6666666666666667,2,0.1346153846153846,0.7661569949086867,0.84,0.6740745598985267,0.8024697141649128,0.04313825007398481,0
0.55,0.02,0.2,0.2,1.5,10.32842926265099,0,0.32592544010147323,2.037034000634208,0.3840301973871665,0.6159698026128335,1.6666666666666667,2,0.1346153846153846,0.7661569949086867,0.84,0.6740745598985267,0.8024697141649128,0.04313825007398481,0
0.55,0.02,0.12,0.02,inf,10.32842926265099,0,0.32592544010147323,2.037034000634208,0.3840301973871665,0.6159698026128335,1.6666666666666667,2,0.1346153846153846,0.7661569949086867,0.84,0.6740745598985267,0.8024697141649128,0.04313825007398481,0
0.55,0.02,0.12,0.02,1.25,10.32842926265099,0,0.32592544010147323,2.037034000634208,0.3840301973871665,0.6159698026128335,1.6666666666666667,2,0.1346153846153846,0.7661569949086867,0.84,0.6740745598985267,0.8024697141649128,0.04313825007398481,0
0.55,0.02,0.12,0.02,1.5,10.32842926265099,0,0.32592544010147323,2.037034000634208,0.3840301973871665,0.6159698026128335,1.6666666666666667,2,0.1346153846153846,0.7661569949086867,0.84,0.6740745598985267,0.8024697141649128,0.04313825007398481,0
0.55,0.02,0.12,0.05,inf,10.32842926265099,0,0.32592544010147323,2.037034000634208,0.3840301973871665,0.6159698026128335,1.6666666666666667,2,0.1346153846153846,0.7661569949086867,0.84,0.6740745598985267,0.8024697141649128,0.04313825007398481,0
0.55,0.02,0.12,0.05,1.25,10.32842926265099,0,0.32592544010147323,2.037034000634208,0.3840301973871665,0.6159698026128335,1.6666666666666667,2,0.1346153846153846,0.7661569949086867,0.84,0.6740745598985267,0.8024697141649128,0.04313825007398481,0
0.55,0.02,0.12,0.05,1.5,10.32842926265099,0,0.32592544010147323,2.037034000634208,0.3840301973871665,0.6159698026128335,1.6666666666666667,2,0.1346153846153846,0.7661569949086867,0.84,0.6740745598985267,0.8024697141649128,0.04313825007398481,0
0.55,0.02,0.12,0.1,inf,10.32842926265099,0,0.32592544010147323,2.037034000634208,0.3840301973871665,0.6159698026128335,1.6666666666666667,2,0.1346153846153846,0.7661569949086867,0.84,0.6740745598985267,0.8024697141649128,0.04313825007398481,0
0.55,0.02,0.12,0.1,1.25,10.32842926265099,0,0.32592544010147323,2.037034000634208,0.3840301973871665,0.6159698026128335,1.6666666666666667,2,0.1346153846153846,0.7661569949086867,0.84,0.6740745598985267,0.8024697141649128,0.04313825007398481,0
0.55,0.02,0.12,0.1,1.5,10.32842926265099,0,0.32592544010147323,2.037034000634208,0.3840301973871665,0.6159698026128335,1.6666666666666667,2,0.1346153846153846,0.7661569949086867,0.84,0.6740745598985267,0.8024697141649128,0.04313825007398481,0
0.55,0.02,0.12,0.2,inf,10.32842926265099,0,0.32592544010147323,2.037034000634208,0.3840301973871665,0.6159698026128335,1.6666666666666667,2,0.1346153846153846,0.7661569949086867,0.84,0.6740745598985267,0.8024697141649128,0.04313825007398481,0
0.55,0.02,0.12,0.2,1.25,10.32842926265099,0,0.32592544010147323,2.037034000634208,0.3840301973871665,0.6159698026128335,1.6666666666666667,2,0.1346153846153846,0.7661569949086867,0.84,0.6740745598985267,0.8024697141649128,0.04313825007398481,0
0.55,0.02,0.12,0.2,1.5,10.32842926265099,0,0.32592544010147323,2.037034000634208,0.3840301973871665,0.6159698026128335,1.6666666666666667,2,0.1346153846153846,0.7661569949086867,0.84,0.6740745598985267,0.8024697141649128,0.04313825007398481,0
0.6,0.03,0.5,0.02,inf,10.333706143866834,0,0.28927788155003964,1.807986759687748,0.314492944167099,0.6855070558329011,1.3333333333333333,2,0.10683760683760683,0.683343898605921,0.84,0.7107221184499602,0.8460977600594766,0.0410290495444578,0
0.6,0.03,0.5,0.02,1.25,10.333706143866834,0,0.28927788155003964,1.807986759687748,0.314492944167099,0.6855070558329011,1.3333333333333333,2,0.10683760683760683,0.683343898605921,0.84,0.7107221184499602,0.8460977600594766,0.0410290495444578,0
0.6,0.03,0.5,0.02,1.5,10.333706143866834,0,0.28927788155003964,1.807986759687748,0.314492944167099,0.6855070558329011,1.3333333333333333,2,0.10683760683760683,0.683343898605921,0.84,0.7107221184499602,0.8460977600594766,0.0410290495444578,0
0.6,0.03,0.5,0.05,inf,10.333706143866834,0,0.28927788155003964,1.807986759687748,0.314492944167099,0.6855070558329011,1.3333333333333333,2,0.10683760683760683,0.683343898605921,0.84,0.7107221184499602,0.8460977600594766,0.0410290495444578,0
0.6,0.03,0.5,0.05,1.25,10.333706143866834,0,0.28927788155003964,1.807986759687748,0.314492944167099,0.6855070558329011,1.3333333333333333,2,0.10683760683760683,0.683343898605921,0.84,0.7107221184499602,0.8460977600594766,0.0410290495444578,0
0.6,0.03,0.5,0.05,1.5,10.333706143866834,0,0.28927788155003964,1.807986759687748,0.314492944167099,0.6855070558329011,1.3333333333333333,2,0.10683760683760683,0.683343898605921,0.84,0.7107221184499602,0.8460977600594766,0.0410290495444578,0
0.6,0.03,0.5,0.1,inf,10.333706143866834,0,0.28927788155003964,1.807986759687748,0.314492944167099,0.6855070558329011,1.3333333333333333,2,0.10683760683760683,0.683343898605921,0.84,0.7107221184499602,0.8460977600594766,0.0410290495444578,0
0.6,0.03,0.5,0.1,1.25,10.333706143866834,0,0.28927788155003964,1.807986759687748,0.314492944167099,0.6855070558329011,1.3333333333333333,2,0.10683760683760683,0.683343898605921,0.84,0.7107221184499602,0.8460977600594766,0.0410290495444578,0
0.6,0.03,0.5,0.1,1.5,10.333706143866834,0,0.28927788155003964,1.807986759687748,0.314492944167099,0.6855070558329011,1.3333333333333333,2,0.10683760683760683,0.683343898605921,0.84,0.7107221184499602,0.8460977600594766,0.0410290495444578,0
0.6,0.03,0.5,0.2,inf,10.333706143866834,0,0.28927788155003964,1.807986759687748,0.314492944167099,0.6855070558329011,1.3333333333333333,2,0.10683760683760683,0.683343898605921,0.84,0.7107221184499602,0.8460977600594766,0.0410290495444578,0
0.6,0.03,0.5,0.2,1.25,10.333706143866834,0,0.28927788155003964,1.807986759687748,0.314492944167099,0.6855070558329011,1.3333333333333333,2,0.10683760683760683,0.683343898605921,0.84,0.7107221184499602,0.8460977600594766,0.0410290495444578,0
0.6,0.03,0.5,0.2,1.5,10.333706143866834,0,0.28927788155003964,1.807986759687748,0.314492944167099,0.6855070558329011,1.3333333333333333,2,0.10683760683760683,0.683343898605921,0.84,0.7107221184499602,0.8460977600594766,0.0410290495444578,0
0.6,0.03,0.3,0.02,inf,10.333706143866834,0,0.28927788155003964,1.807986759687748,0.314492944167099,0.6855070558329011,1.3333333333333333,2,0.10683760683760683,0.683343898605921,0.84,0.7107221184499602,0.8460977600594766,0.0410290495444578,0
0.6,0.03,0.3,0.02,1.25,10.333706143866834,0,0.28927788155003964,1.807986759687748,0.314492944167099,0.6855070558329011,1.3333333333333333,2,0.10683760683760683,0.683343898605921,0.84,0.7107221184499602,0.8460977600594766,0.0410290495444578,0
0.6,0.03,0.3,0.02,1.5,10.333706143866834,0,0.28927788155003964,1.807986759687748,0.314492944167099,0.6855070558329011,1.3333333333333333,2,0.10683760683760683,0.683343898605921,0.84,0.7107221184499602,0.8460977600594766,0.0410290495444578,0
0.6,0.03,0.3,0.05,inf,10.333706143866834,0,0.28927788155003964,1.807986759687748,0.314492944167099,0.6855070558329011,1.3333333333333333,2,0.10683760683760683,0.683343898605921,0.84,0.7107221184499602,0.8460977600594766,0.0410290495444578,0
0.6,0.03,0.3,0.05,1.25,10.333706143866834,0,0.28927788155003964,1.807986759687748,0.314492944167099,0.6855070558329011,1.3333333333333333,2,0.10683760683760683,0.683343898605921,0.84,0.7107221184499602,0.8460977600594766,0.0410290495444578,0
0.6,0.03,0.3,0.05,1.5,10.333706143866834,0,0.28927788155003964,1.807986759687748,0.314492944167099,0.6855070558329011,1.3333333333333333,2,0.10683760683760683,0.683343898605921,0.84,0.7107221184499602,0.8460977600594766,0.0410290495444578,0
0.6,0.03,0.3,0.1,inf,10.333706143866834,0,0.28927788155003964,1.807986759687748,0.314492944167099,0.6855070558329011,1.3333333333333333,2,0.10683760683760683,0.683343898605921,0.84,0.7107221184499602,0.8460977600594766,0.0410290495444578,0
0.6,0.03,0.3,0.1,1.25,10.333706143866834,0,0.28927788155003964,1.807986759687748,0.314492944167099,0.6855070558329011,1.3333333333333333,2,0.10683760683760683,0.683343898605921,0.84,0.7107221184499602,0.8460977600594766,0.0410290495444578,0
0.6,0.03,0.3,0.1,1.5,10.333706143866834,0,0.28927788155003964,1.807986759687748,0.314492944167099,0.6855070558329011,1.3333333333333333,2,0.10683760683760683,0.683343898605921,0.84,0.7107221184499602,0.8460977600594766,0.0410290495444578,0
0.6,0.03,0.3,0.2,inf,10.333706143866834,0,0.28927788155003964,1.807986759687748,0.314492944167099,0.6855070558329011,1.3333333333333333,2,0.10683760683760683,0.683343898605921,0.84,0.7107221184499602,0.8460977600594766,0.0410290495444578,0
0.6,0.03,0.3,0.2,1.25,10.333706143866834,0,0.28927788155003964,1.807986759687748,0.314492944167099,0.6855070558329011,1.3333333333333333,2,0.10683760683760683,0.683343898605921,0.84,0.7107221184499602,0.8460977600594766,0.0410290495444578,0
0.6,0.03,0.3,0.2,1.5,10.333706143866834,0,0.28927788155003964,1.807986759687748,0.314492944167099,0.6855070558329011,1.3333333333333333,2,0.10683760683760683,0.683343898605921,0.84,0.7107221184499602,0.8460977600594766,0.0410290495444578,0
0.6,0.03,0.2,0.02,inf,10.333706143866834,0,0.28927788155003964,1.807986759687748,0.314492944167099,0.6855070558329011,1.3333333333333333,2,0.10683760683760683,0.683343898605921,0.84,0.7107221184499602,0.8460977600594766,0.0410290495444578,0
0.6,0.03,0.2,0.02,1.25,10.333706143866834,0,0.28927788155003964,1.807986759687748,0.314492944167099,0.6855070558329011,1.3333333333333333,2,0.10683760683760683,0.683343898605921,0.84,0.7107221184499602,0.8460977600594766,0.0410290495444578,0
0.6,0.03,0.2,0.02,1.5,10.333706143866834,0,0.28927788155003964,1.807986759687748,0.314492944167099,0.6855070558329011,1.3333333333333333,2,0.10683760683760683,0.683343898605921,0.84,0.7107221184499602,0.8460977600594766,0.0410290495444578,0
0.6,0.03,0.2,0.05,inf,10.333706143866834,0,0.28927788155003964,1.807986759687748,0.314492944167099,0.6855070558329011,1.3333333333333333,2,0.10683760683760683,0.683343898605921,0.84,0.7107221184499602,0.8460977600594766,0.0410290495444578,0
0.6,0.03,0.2,0.05,1.25,10.333706143866834,0,0.28927788155003964,1.807986759687748,0.314492944167099,0.6855070558329011,1.3333333333333333,2,0.10683760683760683,0.683343898605921,0.84,0.7107221184499602,0.8460977600594766,0.0410290495444578,0
0.6,0.03,0.2,0.05,1.5,10.333706143866834,0,0.28927788155003964,1.807986759687748,0.314492944167099,0.6855070558329011,1.3333333333333333,2,0.10683760683760683,0.683343898605921,0.84,0.7107221184499602,0.8460977600594766,0.0410290495444578,0
0.6,0.03,0.2,0.1,inf,10.333706143866834,0,0.28927788155003964,1.807986759687748,0.314492944167099,0.6855070558329011,1.3333333333333333,2,0.10683760683760683,0.683343898605921,0.84,0.7107221184499602,0.8460977600594766,0.0410290495444578,0
0.6,0.03,0.2,0.1,1.25,10.333706143866834,0,0.28927788155003964,1.807986759687748,0.314492944167099,0.6855070558329011,1.3333333333333333,2,0.10683760683760683,0.683343898605921,0.84,0.7107221184499602,0.8460977600594766,0.0410290495444578,0
0.6,0.03,0.2,0.1,1.5,10.333706143866834,0,0.28927788155003964,1.807986759687748,0.314492944167099,0.6855070558329011,1.3333333333333333,2,0.10683760683760683,0.683343898605921,0.84,0.7107221184499602,0.8460977600594766,0.0410290495444578,0
0.6,0.03,0.2,0.2,inf,10.333706143866834,0,0.28927788155003964,1.807986759687748,0.314492944167099,0.6855070558329011,1.3333333333333333,2,0.10683760683760683,0.683343898605921,0.84,0.7107221184499602,0.8460977600594766,0.0410290495444578,0
0.6,0.03,0.2,0.2,1.25,10.333706143866834,0,0.28927788155003964,1.807986759687748,0.314492944167099,0.6855070558329011,1.3333333333333333,2,0.10683760683760683,0.683343898605921,0.84,0.7107221184499602,0.8460977600594766,0.0410290495444578,0
0.6,0.03,0.2,0.2,1.5,10.333706143866834,0,0.28927788155003964,1.807986759687748,0.314492944167099,0.6855070558329011,1.3333333333333333,2,0.10683760683760683,0.683343898605921,0.84,0.7107221184499602,0.8460977600594766,0.0410290495444578,0
0.6,0.03,0.12,0.02,inf,10.333706143866834,0,0.28927788155003964,1.807986759687748,0.314492944167099,0.6855070558329011,1.3333333333333333,2,0.10683760683760683,0.683343898605921,0.84,0.7107221184499602,0.8460977600594766,0.0410290495444578,0
0.6,0.03,0.12,0.02,1.25,10.333706143866834,0,0.28927788155003964,1.807986759687748,0.314492944167099,0.6855070558329011,1.3333333333333333,2,0.10683760683760683,0.683343898605921,0.84,0.7107221184499602,0.8460977600594766,0.0410290495444578,0
0.6,0.03,0.12,0.02,1.5,10.333706143866834,0,0.28927788155003964,1.807986759687748,0.314492944167099,0.6855070558329011,1.3333333333333333,2,0.10683760683760683,0.683343898605921,0.84,0.7107221184499602,0.8460977600594766,0.0410290495444578,0
0.6,0.03,0.12,0.05,inf,10.333706143866834,0,0.28927788155003964,1.807986759687748,0.314492944167099,0.6855070558329011,1.3333333333333333,2,0.10683760683760683,0.683343898605921,0.84,0.7107221184499602,0.8460977600594766,0.0410290495444578,0
0.6,0.03,0.12,0.05,1.25,10.333706143866834,0,0.28927788155003964,1.807986759687748,0.314492944167099,0.6855070558329011,1.3333333333333333,2,0.10683760683760683,0.683343898605921,0.84,0.7107221184499602,0.8460977600594766,0.0410290495444578,0
0.6,0.03,0.12,0.05,1.5,10.333706143866834,0,0.28927788155003964,1.807986759687748,0.314492944167099,0.6855070558329011,1.3333333333333333,2,0.10683760683760683,0.683343898605921,0.84,0.7107221184499602,0.8460977600594766,0.0410290495444578,0
0.6,0.03,0.12,0.1,inf,10.333706143866834,0,0.28927788155003964,1.807986759687748,0.314492944167099,0.6855070558329011,1.3333333333333333,2,0.10683760683760683,0.683343898605921,0.84,0.7107221184499602,0.8460977600594766,0.0410290495444578,0
0.6,0.03,0.12,0.1,1.25,10.333706143866834,0,0.28927788155003964,1.807986759687748,0.314492944167099,0.6855070558329011,1.3333333333333333,2,0.10683760683760683,0.683343898605921,0.84,0.7107221184499602,0.8460977600594766,0.0410290495444578,0
0.6,0.03,0.12,0.1,1.5,10.333706143866834,0,0.28927788155003964,1.807986759687748,0.314492944167099,0.6855070558329011,1.3333333333333333,2,0.10683760683760683,0.683343898605921,0.84,0.7107221184499602,0.8460977600594766,0.0410290495444578,0
0.6,0.03,0.12,0.2,inf,10.333706143866834,0,0.28927788155003964,1.807986759687748,0.314492944167099,0.6855070558329011,1.3333333333333333,2,0.10683760683760683,0.683343898605921,0.84,0.7107221184499602,0.8460977600594766,0.0410290495444578,0
0.6,0.03,0.12,0.2,1.25,10.333706143866834,0,0.28927788155003964,1.807986759687748,0.314492944167099,0.6855070558329011,1.3333333333333333,2,0.10683760683760683,0.683343898605921,0.84,0.7107221184499602,0.8460977600594766,0.0410290495444578,0
0.6,0.03,0.12,0.2,1.5,10.333706143866834,0,0.28927788155003964,1.807986759687748,0.314492944167099,0.6855070558329011,1.3333333333333333,2,0.10683760683760683,0.683343898605921,0.84,0.7107221184499602,0.8460977600594766,0.0410290495444578,0
0.6,0.025,0.5,0.02,inf,10.389544288348434,0,0.3612992921097626,2.258120575686016,0.5586090275223597,0.44139097247764025,1.3333333333333333,2,0.10683760683760683,0.776103326231504,0.84,0.6387007078902375,0.7603579855836159,0.045541305376485715,0
0.6,0.025,0.5,0.02,1.25,10.389544288348434,0,0.3612992921097626,2.258120575686016,0.5586090275223597,0.44139097247764025,1.3333333333333333,2,0.10683760683760683,0.776103326231504,0.84,0.6387007078902375,0.7603579855836159,0.045541305376485715,0
0.6,0.025,0.5,0.02,1.5,10.389544288348434,0,0.3612992921097626,2.258120575686016,0.5586090275223597,0.44139097247764025,1.3333333333333333,2,0.10683760683760683,0.776103326231504,0.84,0.6387007078902375,0.7603579855836159,0.045541305376485715,0
0.6,0.025,0.5,0.05,inf,10.389544288348434,0,0.3612992921097626,2.258120575686016,0.5586090275223597,0.44139097247764025,1.3333333333333333,2,0.10683760683760683,0.776103326231504,0.84,0.6387007078902375,0.7603579855836159,0.045541305376485715,0
0.6,0.025,0.5,0.05,1.25,10.389544288348434,0,0.3612992921097626,2.258120575686016,0.5586090275223597,0.44139097247764025,1.3333333333333333,2,0.10683760683760683,0.776103326231504,0.84,0.6387007078902375,0.7603579855836159,0.045541305376485715,0
0.6,0.025,0.5,0.05,1.5,10.389544288348434,0,0.3612992921097626,2.258120575686016,0.5586090275223597,0.44139097247764025,1.3333333333333333,2,0.10683760683760683,0.776103326231504,0.84,0.6387007078902375,0.7603579855836159,0.045541305376485715,0
0.6,0.025,0.5,0.1,inf,10.389544288348434,0,0.3612992921097626,2.258120575686016,0.5586090275223597,0.44139097247764025,1.3333333333333333,2,0.10683760683760683,0.776103326231504,0.84,0.6387007078902375,0.7603579855836159,0.045541305376485715,0
0.6,0.025,0.5,0.1,1.25,10.389544288348434,0,0.3612992921097626,2.258120575686016,0.5586090275223597,0.44139097247764025,1.3333333333333333,2,0.10683760683760683,0.776103326231504,0.84,0.6387007078902375,0.7603579855836159,0.045541305376485715,0
0.6,0.025,0.5,0.1,1.5,10.389544288348434,0,0.3612992921097626,2.258120575686016,0.5586090275223597,0.44139097247764025,1.3333333333333333,2,0.10683760683760683,0.776103326231504,0.84,0.6387007078902375,0.7603579855836159,0.045541305376485715,0
0.6,0.025,0.5,0.2,inf,10.389544288348434,0,0.3612992921097626,2.258120575686016,0.5586090275223597,0.44139097247764025,1.3333333333333333,2,0.10683760683760683,0.776103326231504,0.84,0.6387007078902375,0.7603579855836159,0.045541305376485715,0
0.6,0.025,0.5,0.2,1.25,10.389544288348434,0,0.3612992921097626,2.258120575686016,0.5586090275223597,0.44139097247764025,1.3333333333333333,2,0.10683760683760683,0.776103326231504,0.84,0.6387007078902375,0.7603579855836159,0.045541305376485715,0
0.6,0.025,0.5,0.2,1.5,10.389544288348434,0,0.3612992921097626,2.258120575686016,0.5586090275223597,0.44139097247764025,1.3333333333333333,2,0.10683760683760683,0.776103326231504,0.84,0.6387007078902375,0.7603579855836159,0.045541305376485715,0
0.6,0.025,0.3,0.02,inf,10.389544288348434,0,0.3612992921097626,2.258120575686016,0.5586090275223597,0.44139097247764025,1.3333333333333333,2,0.10683760683760683,0.776103326231504,0.84,0.6387007078902375,0.7603579855836159,0.045541305376485715,0
0.6,0.025,0.3,0.02,1.25,10.389544288348434,0,0.3612992921097626,2.258120575686016,0.5586090275223597,0.44139097247764025,1.3333333333333333,2,0.10683760683760683,0.776103326231504,0.84,0.6387007078902375,0.7603579855836159,0.045541305376485715,0
0.6,0.025,0.3,0.02,1.5,10.389544288348434,0,0.3612992921097626,2.258120575686016,0.5586090275223597,0.44139097247764025,1.3333333333333333,2,0.10683760683760683,0.776103326231504,0.84,0.6387007078902375,0.7603579855836159,0.045541305376485715,0
0.6,0.025,0.3,0.05,inf,10.389544288348434,0,0.3612992921097626,2.258120575686016,0.5586090275223597,0.44139097247764025,1.3333333333333333,2,0.10683760683760683,0.776103326231504,0.84,0.6387007078902375,0.7603579855836159,0.045541305376485715,0
0.6,0.025,0.3,0.05,1.25,10.389544288348434,0,0.3612992921097626,2.258120575686016,0.5586090275223597,0.44139097247764025,1.3333333333333333,2,0.10683760683760683,0.776103326231504,0.84,0.6387007078902375,0.7603579855836159,0.045541305376485715,0
0.6,0.025,0.3,0.05,1.5,10.389544288348434,0,0.3612992921097626,2.258120575686016,0.5586090275223597,0.44139097247764025,1.3333333333333333,2,0.10683760683760683,0.776103326231504,0.84,0.6387007078902375,0.7603579855836159,0.045541305376485715,0
0.6,0.025,0.3,0.1,inf,10.389544288348434,0,0.3612992921097626,2.258120575686016,0.5586090275223597,0.44139097247764025,1.3333333333333333,2,0.10683760683760683,0.776103326231504,0.84,0.6387007078902375,0.7603579855836159,0.045541305376485715,0
0.6,0.025,0.3,0.1,1.25,10.389544288348434,0,0.3612992921097626,2.258120575686016,0.5586090275223597,0.44139097247764025,1.3333333333333333,2,0.10683760683760683,0.776103326231504,0.84,0.6387007078902375,0.7603579855836159,0.045541305376485715,0
0.6,0.025,0.3,0.1,1.5,10.389544288348434,0,0.3612992921097626,2.258120575686016,0.5586090275223597,0.44139097247764025,1.3333333333333333,2,0.10683760683760683,0.776103326231504,0.84,0.6387007078902375,0.7603579855836159,0.045541305376485715,0
0.6,0.025,0.3,0.2,inf,10.389544288348434,0,0.3612992921097626,2.258120575686016,0.5586090275223597,0.44139097247764025,1.3333333333333333,2,0.10683760683760683,0.776103326231504,0.84,0.6387007078902375,0.7603579855836159,0.045541305376485715,0
0.6,0.025,0.3,0.2,1.25,10.389544288348434,0,0.3612992921097626,2.258120575686016,0.5586090275223597,0.44139097247764025,1.3333333333333333,2,0.10683760683760683,0.776103326231504,0.84,0.6387007078902375,0.7603579855836159,0.045541305376485715,0
0.6,0.025,0.3,0.2,1.5,10.389544288348434,0,0.3612992921097626,2.258120575686016,0.5586090275223597,0.44139097247764025,1.3333333333333333,2,0.10683760683760683,0.776103326231504,0.84,0.6387007078902375,0.7603579855836159,0.045541305376485715,0
0.6,0.025,0.2,0.02,inf,10.389544288348434,0,0.3612992921097626,2.258120575686016,0.5586090275223597,0.44139097247764025,1.3333333333333333,2,0.10683760683760683,0.776103326231504,0.84,0.6387007078902375,0.7603579855836159,0.045541305376485715,0
0.6,0.025,0.2,0.02,1.25,10.389544288348434,0,0.3612992921097626,2.258120575686016,0.5586090275223597,0.44139097247764025,1.3333333333333333,2,0.10683760683760683,0.776103326231504,0.84,0.6387007078902375,0.7603579855836159,0.045541305376485715,0
0.6,0.025,0.2,0.02,1.5,10.389544288348434,0,0.3612992921097626,2.258120575686016,0.5586090275223597,0.44139097247764025,1.3333333333333333,2,0.10683760683760683,0.776103326231504,0.84,0.6387007078902375,0.7603579855836159,0.045541305376485715,0
0.6,0.025,0.2,0.05,inf,10.389544288348434,0,0.3612992921097626,2.258120575686016,0.5586090275223597,0.44139097247764025,1.3333333333333333,2,0.10683760683760683,0.776103326231504,0.84,0.6387007078902375,0.7603579855836159,0.045541305376485715,0
0.6,0.025,0.2,0.05,1.25,10.389544288348434,0,0.3612992921097626,2.258120575686016,0.5586090275223597,0.44139097247764025,1.3333333333333333,2,0.10683760683760683,0.776103326231504,0.84,0.6387007078902375,0.7603579855836159,0.045541305376485715,0
0.6,0.025,0.2,0.05,1.5,10.389544288348434,0,0.3612992921097626,2.258120575686016,0.5586090275223597,0.44139097247764025,1.3333333333333333,2,0.10683760683760683,0.776103326231504,0.84,0.6387007078902375,0.7603579855836159,0.045541305376485715,0
0.6,0.025,0.2,0.1,inf,10.389544288348434,0,0.3612992921097626,2.258120575686016,0.5586090275223597,0.44139097247764025,1.3333333333333333,2,0.10683760683760683,0.776103326231504,0.84,0.6387007078902375,0.7603579855836159,0.045541305376485715,0
0.6,0.025,0.2,0.1,1.25,10.389544288348434,0,0.3612992921097626,2.258120575686016,0.5586090275223597,0.44139097247764025,1.3333333333333333,2,0.10683760683760683,0.776103326231504,0.84,0.6387007078902375,0.7603579855836159,0.045541305376485715,0
0.6,0.025,0.2,0.1,1.5,10.389544288348434,0,0.3612992921097626,2.258120575686016,0.5586090275223597,0.44139097247764025,1.3333333333333333,2,0.10683760683760683,0.776103326231504,0.84,0.6387007078902375,0.7603579855836159,0.045541305376485715,0
0.6,0.025,0.2,0.2,inf,10.389544288348434,0,0.3612992921097626,2.258120575686016,0.5586090275223597,0.44139097247764025,1.3333333333333333,2,0.10683760683760683,0.776103326231504,0.84,0.6387007078902375,0.7603579855836159,0.045541305376485715,0
0.6,0.025,0.2,0.2,1.25,10.389544288348434,0,0.3612992921097626,2.258120575686016,0.5586090275223597,0.44139097247764025,1.3333333333333333,2,0.10683760683760683,0.776103326231504,0.84,0.6387007078902375,0.7603579855836159,0.045541305376485715,0
0.6,0.025,0.2,0.2,1.5,10.389544288348434,0,0.3612992921097626,2.258120575686016,0.5586090275223597,0.44139097247764025,1.3333333333333333,2,0.10683760683760683,0.776103326231504,0.84,0.6387007078902375,0.7603579855836159,0.045541305376485715,0
0.6,0.025,0.12,0.02,inf,10.389544288348434,0,0.3612992921097626,2.258120575686016,0.5586090275223597,0.44139097247764025,1.3333333333333333,2,0.10683760683760683,0.776103326231504,0.84,0.6387007078902375,0.7603579855836159,0.045541305376485715,0
0.6,0.025,0.12,0.02,1.25,10.389544288348434,0,0.3612992921097626,2.258120575686016,0.5586090275223597,0.44139097247764025,1.3333333333333333,2,0.10683760683760683,0.776103326231504,0.84,0.6387007078902375,0.7603579855836159,0.045541305376485715,0
0.6,0.025,0.12,0.02,1.5,10.389544288348434,0,0.3612992921097626,2.258120575686016,0.5586090275223597,0.44139097247764025,1.3333333333333333,2,0.10683760683760683,0.776103326231504,0.84,0.6387007078902375,0.7603579855836159,0.045541305376485715,0
0.6,0.025,0.12,0.05,inf,10.389544288348434,0,0.3612992921097626,2.258120575686016,0.5586090275223597,0.44139097247764025,1.3333333333333333,2,0.10683760683760683,0.776103326231504,0.84,0.6387007078902375,0.7603579855836159,0.045541305376485715,0
0.6,0.025,0.12,0.05,1.25,10.389544288348434,0,0.3612992921097626,2.258120575686016,0.5586090275223597,0.44139097247764025,1.3333333333333333,2,0.10683760683760683,0.776103326231504,0.84,0.6387007078902375,0.7603579855836159,0.045541305376485715,0
0.6,0.025,0.12,0.05,1.5,10.389544288348434,0,0.3612992921097626,2.258120575686016,0.5586090275223597,0.44139097247764025,1.3333333333333333,2,0.10683760683760683,0.776103326231504,0.84,0.6387007078902375,0.7603579855836159,0.045541305376485715,0
0.6,0.025,0.12,0.1,inf,10.389544288348434,0,0.3612992921097626,2.258120575686016,0.5586090275223597,0.44139097247764025,1.3333333333333333,2,0.10683760683760683,0.776103326231504,0.84,0.6387007078902375,0.7603579855836159,0.045541305376485715,0
0.6,0.025,0.12,0.1,1.25,10.389544288348434,0,0.3612992921097626,2.258120575686016,0.5586090275223597,0.44139097247764025,1.3333333333333333,2,0.10683760683760683,0.776103326231504,0.84,0.6387007078902375,0.7603579855836159,0.045541305376485715,0
0.6,0.025,0.12,0.1,1.5,10.389544288348434,0,0.3612992921097626,2.258120575686016,0.5586090275223597,0.44139097247764025,1.3333333333333333,2,0.10683760683760683,0.776103326231504,0.84,0.6387007078902375,0.7603579855836159,0.045541305376485715,0
0.6,0.025,0.12,0.2,inf,10.389544288348434,0,0.3612992921097626,2.258120575686016,0.5586090275223597,0.44139097247764025,1.3333333333333333,2,0.10683760683760683,0.776103326231504,0.84,0.6387007078902375,0.7603579855836159,0.045541305376485715,0
0.6,0.025,0.12,0.2,1.25,10.389544288348434,0,0.3612992921097626,2.258120575686016,0.5586090275223597,0.44139097247764025,1.3333333333333333,2,0.10683760683760683,0.776103326231504,0.84,0.6387007078902375,0.7603579855836159,0.045541305376485715,0
0.6,0.025,0.12,0.2,1.5,10.389544288348434,0,0.3612992921097626,2.258120575686016,0.5586090275223597,0.44139097247764025,1.3333333333333333,2,0.10683760683760683,0.776103326231504,0.84,0.6387007078902375,0.7603579855836159,0.045541305376485715,0
0.55,0.03,0.5,0.02,inf,10.411411125845788,0,0.3028876055303516,1.8930475345646982,0.42686464364116866,0.5731353563588313,1.0,1,0.08119658119658119,0.5778608004191923,0.84,0.6971123944696483,0.8298957077019623,0.035664987900061354,0
0.55,0.03,0.5,0.02,1.25,10.411411125845788,0,0.3028876055303516,1.8930475345646982,0.42686464364116866,0.5731353563588313,1.0,1,0.08119658119658119,0.5778608004191923,0.84,0.6971123944696483,0.8298957077019623,0.035664987900061354,0
0.55,0.03,0.5,0.02,1.5,10.411411125845788,0,0.3028876055303516,1.8930475345646982,0.42686464364116866,0.5731353563588313,1.0,1,0.08119658119658119,0.5778608004191923,0.84,0.6971123944696483,0.8298957077019623,0.035664987900061354,0
0.55,0.03,0.5,0.05,inf,10.411411125845788,0,0.3028876055303516,1.8930475345646982,0.42686464364116866,0.5731353563588313,1.0,1,0.08119658119658119,0.5778608004191923,0.84,0.6971123944696483,0.8298957077019623,0.035664987900061354,0
0.55,0.03,0.5,0.05,1.25,10.411411125845788,0,0.3028876055303516,1.8930475345646982,0.42686464364116866,0.5731353563588313,1.0,1,0.08119658119658119,0.5778608004191923,0.84,0.6971123944696483,0.8298957077019623,0.035664987900061354,0
0.55,0.03,0.5,0.05,1.5,10.411411125845788,0,0.3028876055303516,1.8930475345646982,0.42686464364116866,0.5731353563588313,1.0,1,0.08119658119658119,0.5778608004191923,0.84,0.6971123944696483,0.8298957077019623,0.035664987900061354,0
0.55,0.03,0.5,0.1,inf,10.411411125845788,0,0.3028876055303516,1.8930475345646982,0.42686464364116866,0.5731353563588313,1.0,1,0.08119658119658119,0.5778608004191923,0.84,0.6971123944696483,0.8298957077019623,0.035664987900061354,0
0.55,0.03,0.5,0.1,1.25,10.411411125845788,0,0.3028876055303516,1.8930475345646982,0.42686464364116866,0.5731353563588313,1.0,1,0.08119658119658119,0.5778608004191923,0.84,0.6971123944696483,0.8298957077019623,0.035664987900061354,0
0.55,0.03,0.5,0.1,1.5,10.411411125845788,0,0.3028876055303516,1.8930475345646982,0.42686464364116866,0.5731353563588313,1.0,1,0.08119658119658119,0.5778608004191923,0.84,0.6971123944696483,0.8298957077019623,0.035664987900061354,0
0.55,0.03,0.5,0.2,inf,10.411411125845788,0,0.3028876055303516,1.8930475345646982,0.42686464364116866,0.5731353563588313,1.0,1,0.08119658119658119,0.5778608004191923,0.84,0.6971123944696483,0.8298957077019623,0.035664987900061354,0
0.55,0.03,0.5,0.2,1.25,10.411411125845788,0,0.3028876055303516,1.8930475345646982,0.42686464364116866,0.5731353563588313,1.0,1,0.08119658119658119,0.5778608004191923,0.84,0.6971123944696483,0.8298957077019623,0.035664987900061354,0
0.55,0.03,0.5,0.2,1.5,10.411411125845788,0,0.3028876055303516,1.8930475345646982,0.42686464364116866,0.5731353563588313,1.0,1,0.08119658119658119,0.5778608004191923,0.84,0.6971123944696483,0.8298957077019623,0.035664987900061354,0
0.55,0.03,0.3,0.02,inf,10.411411125845788,0,0.3028876055303516,1.8930475345646982,0.42686464364116866,0.5731353563588313,1.0,1,0.08119658119658119,0.5778608004191923,0.84,0.6971123944696483,0.8298957077019623,0.035664987900061354,0
0.55,0.03,0.3,0.02,1.25,10.411411125845788,0,0.3028876055303516,1.8930475345646982,0.42686464364116866,0.5731353563588313,1.0,1,0.08119658119658119,0.5778608004191923,0.84,0.6971123944696483,0.8298957077019623,0.035664987900061354,0
0.55,0.03,0.3,0.02,1.5,10.411411125845788,0,0.3028876055303516,1.8930475345646982,0.42686464364116866,0.5731353563588313,1.0,1,0.08119658119658119,0.5778608004191923,0.84,0.6971123944696483,0.8298957077019623,0.035664987900061354,0
0.55,0.03,0.3,0.05,inf,10.411411125845788,0,0.3028876055303516,1.8930475345646982,0.42686464364116866,0.5731353563588313,1.0,1,0.08119658119658119,0.5778608004191923,0.84,0.6971123944696483,0.8298957077019623,0.035664987900061354,0
0.55,0.03,0.3,0.05,1.25,10.411411125845788,0,0.3028876055303516,1.8930475345646982,0.42686464364116866,0.5731353563588313,1.0,1,0.08119658119658119,0.5778608004191923,0.84,0.6971123944696483,0.8298957077019623,0.035664987900061354,0
0.55,0.03,0.3,0.05,1.5,10.411411125845788,0,0.3028876055303516,1.8930475345646982,0.42686464364116866,0.5731353563588313,1.0,1,0.08119658119658119,0.5778608004191923,0.84,0.6971123944696483,0.8298957077019623,0.035664987900061354,0
0.55,0.03,0.3,0.1,inf,10.411411125845788,0,0.3028876055303516,1.8930475345646982,0.42686464364116866,0.5731353563588313,1.0,1,0.08119658119658119,0.5778608004191923,0.84,0.6971123944696483,0.8298957077019623,0.035664987900061354,0
0.55,0.03,0.3,0.1,1.25,10.411411125845788,0,0.3028876055303516,1.8930475345646982,0.42686464364116866,0.5731353563588313,1.0,1,0.08119658119658119,0.5778608004191923,0.84,0.6971123944696483,0.8298957077019623,0.035664987900061354,0
0.55,0.03,0.3,0.1,1.5,10.411411125845788,0,0.3028876055303516,1.8930475345646982,0.42686464364116866,0.5731353563588313,1.0,1,0.08119658119658119,0.5778608004191923,0.84,0.6971123944696483,0.8298957077019623,0.035664987900061354,0
0.55,0.03,0.3,0.2,inf,10.411411125845788,0,0.3028876055303516,1.8930475345646982,0.42686464364116866,0.5731353563588313,1.0,1,0.08119658119658119,0.5778608004191923,0.84,0.6971123944696483,0.8298957077019623,0.035664987900061354,0
0.55,0.03,0.3,0.2,1.25,10.411411125845788,0,0.3028876055303516,1.8930475345646982,0.42686464364116866,0.5731353563588313,1.0,1,0.08119658119658119,0.5778608004191923,0.84,0.6971123944696483,0.8298957077019623,0.035664987900061354,0
0.55,0.03,0.3,0.2,1.5,10.411411125845788,0,0.3028876055303516,1.8930475345646982,0.42686464364116866,0.5731353563588313,1.0,1,0.08119658119658119,0.5778608004191923,0.84,0.6971123944696483,0.8298957077019623,0.035664987900061354,0
0.55,0.03,0.2,0.02,inf,10.411411125845788,0,0.3028876055303516,1.8930475345646982,0.42686464364116866,0.5731353563588313,1.0,1,0.08119658119658119,0.5778608004191923,0.84,0.6971123944696483,0.8298957077019623,0.035664987900061354,0
0.55,0.03,0.2,0.02,1.25,10.411411125845788,0,0.3028876055303516,1.8930475345646982,0.42686464364116866,0.5731353563588313,1.0,1,0.08119658119658119,0.5778608004191923,0.84,0.6971123944696483,0.8298957077019623,0.035664987900061354,0
0.55,0.03,0.2,0.02,1.5,10.411411125845788,0,0.3028876055303516,1.8930475345646982,0.42686464364116866,0.5731353563588313,1.0,1,0.08119658119658119,0.5778608004191923,0.84,0.6971123944696483,0.8298957077019623,0.035664987900061354,0
0.55,0.03,0.2,0.05,inf,10.411411125845788,0,0.3028876055303516,1.8930475345646982,0.42686464364116866,0.5731353563588313,1.0,1,0.08119658119658119,0.5778608004191923,0.84,0.6971123944696483,0.8298957077019623,0.035664987900061354,0
0.55,0.03,0.2,0.05,1.25,10.411411125845788,0,0.3028876055303516,1.8930475345646982,0.42686464364116866,0.5731353563588313,1.0,1,0.08119658119658119,0.5778608004191923,0.84,0.6971123944696483,0.8298957077019623,0.035664987900061354,0
0.55,0.03,0.2,0.05,1.5,10.411411125845788,0,0.3028876055303516,1.8930475345646982,0.42686464364116866,0.5731353563588313,1.0,1,0.08119658119658119,0.5778608004191923,0.84,0.6971123944696483,0.8298957077019623,0.035664987900061354,0
0.55,0.03,0.2,0.1,inf,10.411411125845788,0,0.3028876055303516,1.8930475345646982,0.42686464364116866,0.5731353563588313,1.0,1,0.08119658119658119,0.5778608004191923,0.84,0.6971123944696483,0.8298957077019623,0.035664987900061354,0
0.55,0.03,0.2,0.1,1.25,10.411411125845788,0,0.3028876055303516,1.8930475345646982,0.42686464364116866,0.5731353563588313,1.0,1,0.08119658119658119,0.5778608004191923,0.84,0.6971123944696483,0.8298957077019623,0.035664987900061354,0
0.55,0.03,0.2,0.1,1.5,10.411411125845788,0,0.3028876055303516,1.8930475345646982,0.42686464364116866,0.5731353563588313,1.0,1,0.08119658119658119,0.5778608004191923,0.84,0.6971123944696483,0.8298957077019623,0.035664987900061354,0
0.55,0.03,0.2,0.2,inf,10.411411125845788,0,0.3028876055303516,1.8930475345646982,0.42686464364116866,0.5731353563588313,1.0,1,0.08119658119658119,0.5778608004191923,0.84,0.6971123944696483,0.8298957077019623,0.035664987900061354,0
0.55,0.03,0.2,0.2,1.25,10.411411125845788,0,0.3028876055303516,1.8930475345646982,0.42686464364116866,0.5731353563588313,1.0,1,0.08119658119658119,0.5778608004191923,0.84,0.6971123944696483,0.8298957077019623,0.035664987900061354,0
0.55,0.03,0.2,0.2,1.5,10.411411125845788,0,0.3028876055303516,1.8930475345646982,0.42686464364116866,0.5731353563588313,1.0,1,0.08119658119658119,0.5778608004191923,0.84,0.6971123944696483,0.8298957077019623,0.035664987900061354,0
0.55,0.03,0.12,0.02,inf,10.411411125845788,0,0.3028876055303516,1.8930475345646982,0.42686464364116866,0.5731353563588313,1.0,1,0.08119658119658119,0.5778608004191923,0.84,0.6971123944696483,0.8298957077019623,0.035664987900061354,0
0.55,0.03,0.12,0.02,1.25,10.411411125845788,0,0.3028876055303516,1.8930475345646982,0.42686464364116866,0.5731353563588313,1.0,1,0.08119658119658119,0.5778608004191923,0.84,0.6971123944696483,0.8298957077019623,0.035664987900061354,0
0.55,0.03,0.12,0.02,1.5,10.411411125845788,0,0.3028876055303516,1.8930475345646982,0.42686464364116866,0.5731353563588313,1.0,1,0.08119658119658119,0.5778608004191923,0.84,0.6971123944696483,0.8298957077019623,0.035664987900061354,0
0.55,0.03,0.12,0.05,inf,10.411411125845788,0,0.3028876055303516,1.8930475345646982,0.42686464364116866,0.5731353563588313,1.0,1,0.08119658119658119,0.5778608004191923,0.84,0.6971123944696483,0.8298957077019623,0.035664987900061354,0
0.55,0.03,0.12,0.05,1.25,10.411411125845788,0,0.3028876055303516,1.8930475345646982,0.42686464364116866,0.5731353563588313,1.0,1,0.08119658119658119,0.5778608004191923,0.84,0.6971123944696483,0.8298957077019623,0.035664987900061354,0
0.55,0.03,0.12,0.05,1.5,10.411411125845788,0,0.3028876055303516,1.8930475345646982,0.42686464364116866,0.5731353563588313,1.0,1,0.08119658119658119,0.5778608004191923,0.84,0.6971123944696483,0.8298957077019623,0.035664987900061354,0
0.55,0.03,0.12,0.1,inf,10.411411125845788,0,0.3028876055303516,1.8930475345646982,0.42686464364116866,0.5731353563588313,1.0,1,0.08119658119658119,0.5778608004191923,0.84,0.6971123944696483,0.8298957077019623,0.035664987900061354,0
0.55,0.03,0.12,0.1,1.25,10.411411125845788,0,0.3028876055303516,1.8930475345646982,0.42686464364116866,0.5731353563588313,1.0,1,0.08119658119658119,0.5778608004191923,0.84,0.6971123944696483,0.8298957077019623,0.035664987900061354,0
0.55,0.03,0.12,0.1,1.5,10.411411125845788,0,0.3028876055303516,1.8930475345646982,0.42686464364116866,0.5731353563588313,1.0,1,0.08119658119658119,0.5778608004191923,0.84,0.6971123944696483,0.8298957077019623,0.035664987900061354,0
0.55,0.03,0.12,0.2,inf,10.411411125845788,0,0.3028876055303516,1.8930475345646982,0.42686464364116866,0.5731353563588313,1.0,1,0.08119658119658119,0.5778608004191923,0.84,0.6971123944696483,0.8298957077019623,0.035664987900061354,0
0.55,0.03,0.12,0.2,1.25,10.411411125845788,0,0.3028876055303516,1.8930475345646982,0.42686464364116866,0.5731353563588313,1.0,1,0.08119658119658119,0.5778608004191923,0.84,0.6971123944696483,0.8298957077019623,0.035664987900061354,0
0.55,0.03,0.12,0.2,1.5,10.411411125845788,0,0.3028876055303516,1.8930475345646982,0.42686464364116866,0.5731353563588313,1.0,1,0.08119658119658119,0.5778608004191923,0.84,0.6971123944696483,0.8298957077019623,0.035664987900061354,0
0.55,0.025,0.5,0.02,inf,10.44565548816667,0,0.37588180929453574,2.3492613080908487,0.46715164582105734,0.5328483541789426,1.3333333333333333,2,0.10683760683760683,0.6828713047463127,0.84,0.6241181907054643,0.7429978460779335,0.03932270395374157,0
0.55,0.025,0.5,0.02,1.25,10.44565548816667,0,0.37588180929453574,2.3492613080908487,0.46715164582105734,0.5328483541789426,1.3333333333333333,2,0.10683760683760683,0.6828713047463127,0.84,0.6241181907054643,0.7429978460779335,0.03932270395374157,0
0.55,0.025,0.5,0.02,1.5,10.44565548816667,0,0.37588180929453574,2.3492613080908487,0.46715164582105734,0.5328483541789426,1.3333333333333333,2,0.10683760683760683,0.6828713047463127,0.84,0.6241181907054643,0.7429978460779335,0.03932270395374157,0
0.55,0.025,0.5,0.05,inf,10.44565548816667,0,0.37588180929453574,2.3492613080908487,0.46715164582105734,0.5328483541789426,1.3333333333333333,2,0.10683760683760683,0.6828713047463127,0.84,0.6241181907054643,0.7429978460779335,0.03932270395374157,0
0.55,0.025,0.5,0.05,1.25,10.44565548816667,0,0.37588180929453574,2.3492613080908487,0.46715164582105734,0.5328483541789426,1.3333333333333333,2,0.10683760683760683,0.6828713047463127,0.84,0.6241181907054643,0.7429978460779335,0.03932270395374157,0
0.55,0.025,0.5,0.05,1.5,10.44565548816667,0,0.37588180929453574,2.3492613080908487,0.46715164582105734,0.5328483541789426,1.3333333333333333,2,0.10683760683760683,0.6828713047463127,0.84,0.6241181907054643,0.7429978460779335,0.03932270395374157,0
0.55,0.025,0.5,0.1,inf,10.44565548816667,0,0.37588180929453574,2.3492613080908487,0.46715164582105734,0.5328483541789426,1.3333333333333333,2,0.10683760683760683,0.6828713047463127,0.84,0.6241181907054643,0.7429978460779335,0.03932270395374157,0
0.55,0.025,0.5,0.1,1.25,10.44565548816667,0,0.37588180929453574,2.3492613080908487,0.46715164582105734,0.5328483541789426,1.3333333333333333,2,0.10683760683760683,0.6828713047463127,0.84,0.6241181907054643,0.7429978460779335,0.03932270395374157,0
0.55,0.025,0.5,0.1,1.5,10.44565548816667,0,0.37588180929453574,2.3492613080908487,0.46715164582105734,0.5328483541789426,1.3333333333333333,2,0.10683760683760683,0.6828713047463127,0.84,0.6241181907054643,0.7429978460779335,0.03932270395374157,0
0.55,0.025,0.5,0.2,inf,10.44565548816667,0,0.37588180929453574,2.3492613080908487,0.46715164582105734,0.5328483541789426,1.3333333333333333,2,0.10683760683760683,0.6828713047463127,0.84,0.6241181907054643,0.7429978460779335,0.03932270395374157,0
0.55,0.025,0.5,0.2,1.25,10.44565548816667,0,0.37588180929453574,2.3492613080908487,0.46715164582105734,0.5328483541789426,1.3333333333333333,2,0.10683760683760683,0.6828713047463127,0.84,0.6241181907054643,0.7429978460779335,0.03932270395374157,0
0.55,0.025,0.5,0.2,1.5,10.44565548816667,0,0.37588180929453574,2.3492613080908487,0.46715164582105734,0.5328483541789426,1.3333333333333333,2,0.10683760683760683,0.6828713047463127,0.84,0.6241181907054643,0.7429978460779335,0.03932270395374157,0
0.55,0.025,0.3,0.02,inf,10.44565548816667,0,0.37588180929453574,2.3492613080908487,0.46715164582105734,0.5328483541789426,1.3333333333333333,2,0.10683760683760683,0.6828713047463127,0.84,0.6241181907054643,0.7429978460779335,0.03932270395374157,0
0.55,0.025,0.3,0.02,1.25,10.44565548816667,0,0.37588180929453574,2.3492613080908487,0.46715164582105734,0.5328483541789426,1.3333333333333333,2,0.10683760683760683,0.6828713047463127,0.84,0.6241181907054643,0.7429978460779335,0.03932270395374157,0
0.55,0.025,0.3,0.02,1.5,10.44565548816667,0,0.37588180929453574,2.3492613080908487,0.46715164582105734,0.5328483541789426,1.3333333333333333,2,0.10683760683760683,0.6828713047463127,0.84,0.6241181907054643,0.7429978460779335,0.03932270395374157,0
0.55,0.025,0.3,0.05,inf,10.44565548816667,0,0.37588180929453574,2.3492613080908487,0.46715164582105734,0.5328483541789426,1.3333333333333333,2,0.10683760683760683,0.6828713047463127,0.84,0.6241181907054643,0.7429978460779335,0.03932270395374157,0
0.55,0.025,0.3,0.05,1.25,10.44565548816667,0,0.37588180929453574,2.3492613080908487,0.46715164582105734,0.5328483541789426,1.3333333333333333,2,0.10683760683760683,0.6828713047463127,0.84,0.6241181907054643,0.7429978460779335,0.03932270395374157,0
0.55,0.025,0.3,0.05,1.5,10.44565548816667,0,0.37588180929453574,2.3492613080908487,0.46715164582105734,0.5328483541789426,1.3333333333333333,2,0.10683760683760683,0.6828713047463127,0.84,0.6241181907054643,0.7429978460779335,0.03932270395374157,0
0.55,0.025,0.3,0.1,inf,10.44565548816667,0,0.37588180929453574,2.3492613080908487,0.46715164582105734,0.5328483541789426,1.3333333333333333,2,0.10683760683760683,0.6828713047463127,0.84,0.6241181907054643,0.7429978460779335,0.03932270395374157,0
0.55,0.025,0.3,0.1,1.25,10.44565548816667,0,0.37588180929453574,2.3492613080908487,0.46715164582105734,0.5328483541789426,1.3333333333333333,2,0.10683760683760683,0.6828713047463127,0.84,0.6241181907054643,0.7429978460779335,0.03932270395374157,0
0.55,0.025,0.3,0.1,1.5,10.44565548816667,0,0.37588180929453574,2.3492613080908487,0.46715164582105734,0.5328483541789426,1.3333333333333333,2,0.10683760683760683,0.6828713047463127,0.84,0.6241181907054643,0.7429978460779335,0.03932270395374157,0
0.55,0.025,0.3,0.2,inf,10.44565548816667,0,0.37588180929453574,2.3492613080908487,0.46715164582105734,0.5328483541789426,1.3333333333333333,2,0.10683760683760683,0.6828713047463127,0.84,0.6241181907054643,0.7429978460779335,0.03932270395374157,0
0.55,0.025,0.3,0.2,1.25,10.44565548816667,0,0.37588180929453574,2.3492613080908487,0.46715164582105734,0.5328483541789426,1.3333333333333333,2,0.10683760683760683,0.6828713047463127,0.84,0.6241181907054643,0.7429978460779335,0.03932270395374157,0
0.55,0.025,0.3,0.2,1.5,10.44565548816667,0,0.37588180929453574,2.3492613080908487,0.46715164582105734,0.5328483541789426,1.3333333333333333,2,0.10683760683760683,0.6828713047463127,0.84,0.6241181907054643,0.7429978460779335,0.03932270395374157,0
0.55,0.025,0.2,0.02,inf,10.44565548816667,0,0.37588180929453574,2.3492613080908487,0.46715164582105734,0.5328483541789426,1.3333333333333333,2,0.10683760683760683,0.6828713047463127,0.84,0.6241181907054643,0.7429978460779335,0.03932270395374157,0
0.55,0.025,0.2,0.02,1.25,10.44565548816667,0,0.37588180929453574,2.3492613080908487,0.46715164582105734,0.5328483541789426,1.3333333333333333,2,0.10683760683760683,0.6828713047463127,0.84,0.6241181907054643,0.7429978460779335,0.03932270395374157,0
0.55,0.025,0.2,0.02,1.5,10.44565548816667,0,0.37588180929453574,2.3492613080908487,0.46715164582105734,0.5328483541789426,1.3333333333333333,2,0.10683760683760683,0.6828713047463127,0.84,0.6241181907054643,0.7429978460779335,0.03932270395374157,0
0.55,0.025,0.2,0.05,inf,10.44565548816667,0,0.37588180929453574,2.3492613080908487,0.46715164582105734,0.5328483541789426,1.3333333333333333,2,0.10683760683760683,0.6828713047463127,0.84,0.6241181907054643,0.7429978460779335,0.03932270395374157,0
0.55,0.025,0.2,0.05,1.25,10.44565548816667,0,0.37588180929453574,2.3492613080908487,0.46715164582105734,0.5328483541789426,1.3333333333333333,2,0.10683760683760683,0.6828713047463127,0.84,0.6241181907054643,0.7429978460779335,0.03932270395374157,0
0.55,0.025,0.2,0.05,1.5,10.44565548816667,0,0.37588180929453574,2.3492613080908487,0.46715164582105734,0.5328483541789426,1.3333333333333333,2,0.10683760683760683,0.6828713047463127,0.84,0.6241181907054643,0.7429978460779335,0.03932270395374157,0
0.55,0.025,0.2,0.1,inf,10.44565548816667,0,0.37588180929453574,2.3492613080908487,0.46715164582105734,0.5328483541789426,1.3333333333333333,2,0.10683760683760683,0.6828713047463127,0.84,0.6241181907054643,0.7429978460779335,0.03932270395374157,0
0.55,0.025,0.2,0.1,1.25,10.44565548816667,0,0.37588180929453574,2.3492613080908487,0.46715164582105734,0.5328483541789426,1.3333333333333333,2,0.10683760683760683,0.6828713047463127,0.84,0.6241181907054643,0.7429978460779335,0.03932270395374157,0
0.55,0.025,0.2,0.1,1.5,10.44565548816667,0,0.37588180929453574,2.3492613080908487,0.46715164582105734,0.5328483541789426,1.3333333333333333,2,0.10683760683760683,0.6828713047463127,0.84,0.6241181907054643,0.7429978460779335,0.03932270395374157,0
0.55,0.025,0.2,0.2,inf,10.44565548816667,0,0.37588180929453574,2.3492613080908487,0.46715164582105734,0.5328483541789426,1.3333333333333333,2,0.10683760683760683,0.6828713047463127,0.84,0.6241181907054643,0.7429978460779335,0.03932270395374157,0
0.55,0.025,0.2,0.2,1.25,10.44565548816667,0,0.37588180929453574,2.3492613080908487,0.46715164582105734,0.5328483541789426,1.3333333333333333,2,0.10683760683760683,0.6828713047463127,0.84,0.6241181907054643,0.7429978460779335,0.03932270395374157,0
0.55,0.025,0.2,0.2,1.5,10.44565548816667,0,0.37588180929453574,2.3492613080908487,0.46715164582105734,0.5328483541789426,1.3333333333333333,2,0.10683760683760683,0.6828713047463127,0.84,0.6241181907054643,0.7429978460779335,0.03932270395374157,0
0.55,0.025,0.12,0.02,inf,10.44565548816667,0,0.37588180929453574,2.3492613080908487,0.46715164582105734,0.5328483541789426,1.3333333333333333,2,0.10683760683760683,0.6828713047463127,0.84,0.6241181907054643,0.7429978460779335,0.03932270395374157,0
0.55,0.025,0.12,0.02,1.25,10.44565548816667,0,0.37588180929453574,2.3492613080908487,0.46715164582105734,0.5328483541789426,1.3333333333333333,2,0.10683760683760683,0.6828713047463127,0.84,0.6241181907054643,0.7429978460779335,0.03932270395374157,0
0.55,0.025,0.12,0.02,1.5,10.44565548816667,0,0.37588180929453574,2.3492613080908487,0.46715164582105734,0.5328483541789426,1.3333333333333333,2,0.10683760683760683,0.6828713047463127,0.84,0.6241181907054643,0.7429978460779335,0.03932270395374157,0
0.55,0.025,0.12,0.05,inf,10.44565548816667,0,0.37588180929453574,2.3492613080908487,0.46715164582105734,0.5328483541789426,1.3333333333333333,2,0.10683760683760683,0.6828713047463127,0.84,0.6241181907054643,0.7429978460779335,0.03932270395374157,0
0.55,0.025,0.12,0.05,1.25,10.44565548816667,0,0.37588180929453574,2.3492613080908487,0.46715164582105734,0.5328483541789426,1.3333333333333333,2,0.10683760683760683,0.6828713047463127,0.84,0.6241181907054643,0.7429978460779335,0.03932270395374157,0
0.55,0.025,0.12,0.05,1.5,10.44565548816667,0,0.37588180929453574,2.3492613080908487,0.46715164582105734,0.5328483541789426,1.3333333333333333,2,0.10683760683760683,0.6828713047463127,0.84,0.6241181907054643,0.7429978460779335,0.03932270395374157,0
0.55,0.025,0.12,0.1,inf,10.44565548816667,0,0.37588180929453574,2.3492613080908487,0.46715164582105734,0.5328483541789426,1.3333333333333333,2,0.10683760683760683,0.6828713047463127,0.84,0.6241181907054643,0.7429978460779335,0.03932270395374157,0
0.55,0.025,0.12,0.1,1.25,10.44565548816667,0,0.37588180929453574,2.3492613080908487,0.46715164582105734,0.5328483541789426,1.3333333333333333,2,0.10683760683760683,0.6828713047463127,0.84,0.6241181907054643,0.7429978460779335,0.03932270395374157,0
0.55,0.025,0.12,0.1,1.5,10.44565548816667,0,0.37588180929453574,2.3492613080908487,0.46715164582105734,0.5328483541789426,1.3333333333333333,2,0.10683760683760683,0.6828713047463127,0.84,0.6241181907054643,0.7429978460779335,0.03932270395374157,0
0.55,0.025,0.12,0.2,inf,10.44565548816667,0,0.37588180929453574,2.3492613080908487,0.46715164582105734,0.5328483541789426,1.3333333333333333,2,0.10683760683760683,0.6828713047463127,0.84,0.6241181907054643,0.7429978460779335,0.03932270395374157,0
0.55,0.025,0.12,0.2,1.25,10.44565548816667,0,0.37588180929453574,2.3492613080908487,0.46715164582105734,0.5328483541789426,1.3333333333333333,2,0.10683760683760683,0.6828713047463127,0.84,0.6241181907054643,0.7429978460779335,0.03932270395374157,0
0.55,0.025,0.12,0.2,1.5,10.44565548816667,0,0.37588180929453574,2.3492613080908487,0.46715164582105734,0.5328483541789426,1.3333333333333333,2,0.10683760683760683,0.6828713047463127,0.84,0.6241181907054643,0.7429978460779335,0.03932270395374157,0
